Experiment,Strain type
SRX5057740,NA
SRX5057739,NA
SRX5057910,NA
SRX5057909,NA
SRX3573046,PAO1
SRX3573044,PAO1
SRX5187184,PAO1
SRX5187185,PAO1
SRX5187186,PAO1
SRX5187187,PAO1
SRX5187188,PAO1
SRX5187189,PAO1
SRX5138916,NA
SRX5138915,NA
SRX5138914,NA
SRX5138913,NA
SRX4641866,PA14
SRX4641865,PA14
SRX4641864,PA14
SRX4641863,PA14
SRX4641862,PA14
SRX4641861,PA14
SRX4641860,PA14
SRX4641859,PA14
SRX4641858,PA14
SRX4641857,PA14
SRX4641856,PA14
SRX4641855,PA14
SRX4641854,PA14
SRX3539745,PAO1
SRX3539739,PAO1
SRX3539738,PAO1
SRX4579961,PAO1
SRX4579962,PAO1
SRX4579963,PAO1
SRX4579964,PAO1
SRX4579965,PAO1
SRX4579966,PAO1
SRX4714440,PAK
SRX4714439,PAK
SRX4714438,PAK
SRX4714437,PAK
SRX4714436,PAK
SRX4714435,PAK
SRX4714434,PAK
SRX4714433,PAK
SRX4714432,PAK
SRX4714431,PAK
SRX4714430,PAK
SRX4714429,PAK
SRX4714428,PAK
SRX4714427,PAK
SRX4714426,PAK
SRX4714425,PAK
SRX4714424,PAK
SRX4714423,PAK
SRX4714422,PAK
SRX4714421,PAK
SRX4714420,PAK
SRX4714419,PAK
SRX4714418,PAK
SRX4714417,PAK
SRX4714416,PAK
SRX4714415,PAK
SRX4714414,PAK
SRX4714413,PAK
SRX4714412,PAK
SRX4714411,PAK
SRX4714410,PAK
SRX4714409,PAK
SRX4714408,PAK
SRX4714407,PAK
SRX4714406,PAK
SRX4714405,PAK
SRX4714404,PAK
SRX4714403,PAK
SRX4714402,PAK
SRX4714401,PAK
SRX4714400,PAK
SRX4714399,PAK
SRX5062523,Clinical Isolate
SRX5062524,Clinical Isolate
SRX5062525,Clinical Isolate
SRX5062526,Clinical Isolate
SRX5062527,Clinical Isolate
SRX5062528,Clinical Isolate
SRX5062529,Clinical Isolate
SRX5062530,Clinical Isolate
SRX5062531,Clinical Isolate
SRX5062532,Clinical Isolate
SRX5062533,NA
SRX5062534,NA
SRX5062535,NA
SRX5062536,NA
SRX5062537,NA
SRX5062538,NA
SRX5062539,NA
SRX5062540,NA
SRX5062541,Clinical Isolate
SRX5062542,Clinical Isolate
SRX5062543,Clinical Isolate
SRX5062544,Clinical Isolate
SRX5062545,Clinical Isolate
SRX5062546,Clinical Isolate
SRX5062547,Clinical Isolate
SRX5062548,Clinical Isolate
SRX5099519,NA
SRX5099520,NA
SRX5099521,NA
SRX5099522,PA14
SRX5099523,PA14
SRX5099524,PA14
SRX5096111,PAO1
SRX5096112,PAO1
SRX5096113,PAO1
SRX5096114,PAO1
SRX5096115,PAO1
SRX5096116,PAO1
SRX5096117,PAO1
SRX5096118,PAO1
ERX1272616,NA
ERX1272617,NA
ERX1272618,NA
ERX1272619,NA
SRX4990983,PAO1
SRX4624098,PA14
SRX4624096,PA14
SRX4624097,PA14
SRX4624095,PA14
ERX2068556,PAO1
ERX2068557,PAO1
ERX2068558,PAO1
ERX2068559,PAO1
ERX2068560,PAO1
ERX2068561,PAO1
SRX4599510,PA14
SRX5000017,PAO1
SRX5000018,PAO1
SRX5000019,PAO1
SRX5000020,PAO1
SRX5000021,PAO1
SRX5000022,PAO1
SRX5000023,PAO1
SRX5000025,PAO1
SRX5000026,PAO1
SRX5000027,PAO1
SRX5000028,PAO1
SRX5000029,PAO1
SRX5000030,PAO1
SRX5000031,PAO1
SRX5000032,PAO1
SRX5000033,PAO1
SRX5000034,PAO1
SRX5000036,PAO1
SRX4777722,NA
SRX4777721,NA
SRX4777720,NA
SRX4777719,NA
SRX4777718,NA
SRX4777717,NA
SRX4884852,PAO1
SRX4884853,PAO1
SRX4884854,PAO1
SRX4884855,PAO1
SRX4884856,PAO1
SRX4884857,PAO1
SRX4884858,PAO1
SRX4884859,PAO1
SRX4884860,PAO1
SRX4884861,PAO1
ERX2456851,PAO1
ERX2456852,PAO1
ERX2456853,PAO1
ERX2456856,PAO1
ERX2456857,PAO1
ERX2456858,PAO1
SRX4774141,PAO1
SRX4774142,PAO1
SRX4774143,PAO1
SRX4774144,PAO1
SRX4774145,PAO1
SRX4774146,PAO1
SRX4774147,PAO1
SRX4774148,PAO1
SRX4963278,NA
SRX4963277,NA
SRX4963276,NA
SRX4963275,NA
SRX4963274,NA
SRX4963273,NA
SRX4963272,NA
SRX4963271,NA
SRX4963270,NA
SRX4963269,NA
SRX4963268,NA
SRX4963267,NA
SRX4963266,NA
SRX4963265,NA
SRX4963264,NA
SRX4963437,NA
SRX4963438,NA
SRX4963439,NA
SRX4963440,NA
SRX4963441,NA
SRX4963442,NA
SRX4632308,NA
SRX4632309,NA
SRX4632310,NA
SRX4632311,NA
SRX4632312,NA
SRX4632313,NA
SRX4632314,NA
SRX4632315,NA
SRX4632316,NA
SRX4632317,NA
SRX4905916,PA14
SRX4905917,PA14
SRX4905918,PA14
SRX4905919,PA14
SRX4905920,PA14
SRX4905921,PA14
SRX4905922,PA14
SRX4905923,PA14
SRX4905924,PA14
SRX4905925,PA14
SRX4905926,PA14
SRX5123355,Clinical Isolate
SRX5123356,Clinical Isolate
SRX5123357,Clinical Isolate
SRX5123358,Clinical Isolate
SRX5123359,Clinical Isolate
SRX5123360,Clinical Isolate
SRX5123361,Clinical Isolate
SRX5123362,Clinical Isolate
SRX5123363,Clinical Isolate
SRX5123364,Clinical Isolate
SRX5123365,Clinical Isolate
SRX5123366,Clinical Isolate
SRX5123367,Clinical Isolate
SRX5123368,Clinical Isolate
SRX5123369,Clinical Isolate
SRX5123370,Clinical Isolate
SRX5123371,Clinical Isolate
SRX5123372,Clinical Isolate
SRX5123373,Clinical Isolate
SRX5123374,Clinical Isolate
SRX5123375,Clinical Isolate
SRX5123376,Clinical Isolate
SRX5123377,Clinical Isolate
SRX5123378,Clinical Isolate
SRX5123379,Clinical Isolate
SRX5123380,Clinical Isolate
SRX5123381,Clinical Isolate
SRX5123382,Clinical Isolate
SRX5123383,Clinical Isolate
SRX5123384,Clinical Isolate
SRX5123385,Clinical Isolate
SRX5123386,Clinical Isolate
SRX5123387,Clinical Isolate
SRX5123388,Clinical Isolate
SRX5123389,Clinical Isolate
SRX5123390,Clinical Isolate
SRX5123391,Clinical Isolate
SRX5123392,Clinical Isolate
SRX5123393,Clinical Isolate
SRX5123394,Clinical Isolate
SRX5123395,Clinical Isolate
SRX5123396,Clinical Isolate
SRX5123397,Clinical Isolate
SRX5123398,Clinical Isolate
SRX5123399,Clinical Isolate
SRX5123400,Clinical Isolate
SRX5123401,Clinical Isolate
SRX5123402,Clinical Isolate
SRX5123403,Clinical Isolate
SRX5123404,Clinical Isolate
SRX5123405,Clinical Isolate
SRX5123406,Clinical Isolate
SRX5123407,Clinical Isolate
SRX5123408,Clinical Isolate
SRX5123409,Clinical Isolate
SRX5123410,Clinical Isolate
SRX5123411,Clinical Isolate
SRX5123412,Clinical Isolate
SRX5123413,Clinical Isolate
SRX5123414,Clinical Isolate
SRX5123415,Clinical Isolate
SRX5123416,Clinical Isolate
SRX5123417,Clinical Isolate
SRX5123418,Clinical Isolate
SRX5123419,Clinical Isolate
SRX5123420,Clinical Isolate
SRX5123421,Clinical Isolate
SRX5123422,Clinical Isolate
SRX5123423,Clinical Isolate
SRX5123424,Clinical Isolate
SRX5123425,Clinical Isolate
SRX5123426,Clinical Isolate
SRX5123427,Clinical Isolate
SRX5123428,Clinical Isolate
SRX5123429,Clinical Isolate
SRX5123430,Clinical Isolate
SRX5123431,Clinical Isolate
SRX5123432,Clinical Isolate
SRX5123433,Clinical Isolate
SRX5123434,Clinical Isolate
SRX5123435,Clinical Isolate
SRX5123436,Clinical Isolate
SRX5123437,Clinical Isolate
SRX5123438,Clinical Isolate
SRX5123439,Clinical Isolate
SRX5123440,Clinical Isolate
SRX5123441,Clinical Isolate
SRX5123442,Clinical Isolate
SRX5123443,Clinical Isolate
SRX5123444,Clinical Isolate
SRX5123445,Clinical Isolate
SRX5123446,Clinical Isolate
SRX5123447,Clinical Isolate
SRX5123448,Clinical Isolate
SRX5123449,Clinical Isolate
SRX5123450,Clinical Isolate
SRX5123451,Clinical Isolate
SRX5123452,Clinical Isolate
SRX5123453,Clinical Isolate
SRX5123454,Clinical Isolate
SRX5123455,Clinical Isolate
SRX5123456,Clinical Isolate
SRX5123457,Clinical Isolate
SRX5123458,Clinical Isolate
SRX5123459,Clinical Isolate
SRX5123460,Clinical Isolate
SRX5123461,Clinical Isolate
SRX5123462,Clinical Isolate
SRX5123463,Clinical Isolate
SRX5123464,Clinical Isolate
SRX5123465,Clinical Isolate
SRX5123466,Clinical Isolate
SRX5123467,Clinical Isolate
SRX5123468,Clinical Isolate
SRX5123469,Clinical Isolate
SRX5123470,Clinical Isolate
SRX5123471,Clinical Isolate
SRX5123472,Clinical Isolate
SRX5123473,Clinical Isolate
SRX5123474,Clinical Isolate
SRX5123475,Clinical Isolate
SRX5123476,Clinical Isolate
SRX5123477,Clinical Isolate
SRX5123478,Clinical Isolate
SRX5123479,Clinical Isolate
SRX5123480,Clinical Isolate
SRX5123481,Clinical Isolate
SRX5123482,Clinical Isolate
SRX5123483,Clinical Isolate
SRX5123484,Clinical Isolate
SRX5123485,Clinical Isolate
SRX5123486,Clinical Isolate
SRX5123487,Clinical Isolate
SRX5123488,Clinical Isolate
SRX5123489,Clinical Isolate
SRX5123490,Clinical Isolate
SRX5123491,Clinical Isolate
SRX5123492,Clinical Isolate
SRX5123493,Clinical Isolate
SRX5123494,Clinical Isolate
SRX5123495,Clinical Isolate
SRX5123496,Clinical Isolate
SRX5123497,Clinical Isolate
SRX5123498,Clinical Isolate
SRX5123499,Clinical Isolate
SRX5123500,Clinical Isolate
SRX5123501,Clinical Isolate
SRX5123502,Clinical Isolate
SRX5123503,Clinical Isolate
SRX5123504,Clinical Isolate
SRX5123505,Clinical Isolate
SRX5123506,Clinical Isolate
SRX5123507,Clinical Isolate
SRX5123508,Clinical Isolate
SRX5123509,Clinical Isolate
SRX5123510,Clinical Isolate
SRX5123511,Clinical Isolate
SRX5123512,Clinical Isolate
SRX5123513,Clinical Isolate
SRX5123514,Clinical Isolate
SRX5123515,Clinical Isolate
SRX5123516,Clinical Isolate
SRX5123517,Clinical Isolate
SRX5123518,Clinical Isolate
SRX5123519,Clinical Isolate
SRX5123520,Clinical Isolate
SRX5123521,Clinical Isolate
SRX5123522,Clinical Isolate
SRX5123523,Clinical Isolate
SRX5123524,Clinical Isolate
SRX5123525,Clinical Isolate
SRX5123526,Clinical Isolate
SRX5123527,Clinical Isolate
SRX5123528,Clinical Isolate
SRX5123529,Clinical Isolate
SRX5123530,Clinical Isolate
SRX5123531,Clinical Isolate
SRX5123532,Clinical Isolate
SRX5123533,Clinical Isolate
SRX5123534,Clinical Isolate
SRX5123535,Clinical Isolate
SRX5123536,Clinical Isolate
SRX5123537,Clinical Isolate
SRX5123538,Clinical Isolate
SRX5123539,Clinical Isolate
SRX5123540,Clinical Isolate
SRX5123541,Clinical Isolate
SRX5123542,Clinical Isolate
SRX5123543,Clinical Isolate
SRX5123544,Clinical Isolate
SRX5123545,Clinical Isolate
SRX5123546,Clinical Isolate
SRX5123547,Clinical Isolate
SRX5123548,Clinical Isolate
SRX5123549,Clinical Isolate
SRX5123550,Clinical Isolate
SRX5123551,Clinical Isolate
SRX5123552,Clinical Isolate
SRX5123553,Clinical Isolate
SRX5123554,Clinical Isolate
SRX5123555,Clinical Isolate
SRX5123556,Clinical Isolate
SRX5123557,Clinical Isolate
SRX5123558,Clinical Isolate
SRX5123559,Clinical Isolate
SRX5123560,Clinical Isolate
SRX5123561,Clinical Isolate
SRX5123562,Clinical Isolate
SRX5123563,Clinical Isolate
SRX5123564,Clinical Isolate
SRX5123565,Clinical Isolate
SRX5123566,Clinical Isolate
SRX5123567,Clinical Isolate
SRX5123568,Clinical Isolate
SRX5123569,Clinical Isolate
SRX5123570,Clinical Isolate
SRX5123571,Clinical Isolate
SRX5123572,Clinical Isolate
SRX5123573,Clinical Isolate
SRX5123574,Clinical Isolate
SRX5123575,Clinical Isolate
SRX5123576,Clinical Isolate
SRX5123577,Clinical Isolate
SRX5123578,Clinical Isolate
SRX5123579,Clinical Isolate
SRX5123580,Clinical Isolate
SRX5123581,Clinical Isolate
SRX5123582,Clinical Isolate
SRX5123583,Clinical Isolate
SRX5123584,Clinical Isolate
SRX5123585,Clinical Isolate
SRX5123586,Clinical Isolate
SRX5123587,Clinical Isolate
SRX5123588,Clinical Isolate
SRX5123589,Clinical Isolate
SRX5123590,Clinical Isolate
SRX5123591,Clinical Isolate
SRX5123592,Clinical Isolate
SRX5123593,Clinical Isolate
SRX5123594,Clinical Isolate
SRX5123595,Clinical Isolate
SRX5123596,Clinical Isolate
SRX5123597,Clinical Isolate
SRX5123598,Clinical Isolate
SRX5123599,Clinical Isolate
SRX5123600,Clinical Isolate
SRX5123601,Clinical Isolate
SRX5123602,Clinical Isolate
SRX5123603,Clinical Isolate
SRX5123604,Clinical Isolate
SRX5123605,Clinical Isolate
SRX5123606,Clinical Isolate
SRX5123607,Clinical Isolate
SRX5123608,Clinical Isolate
SRX5123609,Clinical Isolate
SRX5123610,Clinical Isolate
SRX5123611,Clinical Isolate
SRX5123612,Clinical Isolate
SRX5123613,Clinical Isolate
SRX5123614,Clinical Isolate
SRX5123615,Clinical Isolate
SRX5123616,Clinical Isolate
SRX5123617,Clinical Isolate
SRX5123618,Clinical Isolate
SRX5123619,Clinical Isolate
SRX5123620,Clinical Isolate
SRX5123621,Clinical Isolate
SRX5123622,Clinical Isolate
SRX5123623,Clinical Isolate
SRX5123624,Clinical Isolate
SRX5123625,Clinical Isolate
SRX5123626,Clinical Isolate
SRX5123627,Clinical Isolate
SRX5123628,Clinical Isolate
SRX5123629,Clinical Isolate
SRX5123630,Clinical Isolate
SRX5123631,Clinical Isolate
SRX5123632,Clinical Isolate
SRX5123633,Clinical Isolate
SRX5123634,Clinical Isolate
SRX5123635,Clinical Isolate
SRX5123636,Clinical Isolate
SRX5123637,Clinical Isolate
SRX5123638,Clinical Isolate
SRX5123639,Clinical Isolate
SRX5123640,Clinical Isolate
SRX5123641,Clinical Isolate
SRX5123642,Clinical Isolate
SRX5123643,Clinical Isolate
SRX5123644,Clinical Isolate
SRX5123645,Clinical Isolate
SRX5123646,Clinical Isolate
SRX5123647,Clinical Isolate
SRX5123648,Clinical Isolate
SRX5123649,Clinical Isolate
SRX5123650,Clinical Isolate
SRX5123651,Clinical Isolate
SRX5123652,Clinical Isolate
SRX5123653,Clinical Isolate
SRX5123654,Clinical Isolate
SRX5123655,Clinical Isolate
SRX5123656,Clinical Isolate
SRX5123657,Clinical Isolate
SRX5123658,Clinical Isolate
SRX5123659,Clinical Isolate
SRX5123660,Clinical Isolate
SRX5123661,Clinical Isolate
SRX5123662,Clinical Isolate
SRX5123663,Clinical Isolate
SRX5123664,Clinical Isolate
SRX5123665,Clinical Isolate
SRX5123666,Clinical Isolate
SRX5123667,Clinical Isolate
SRX5123668,Clinical Isolate
SRX5123669,Clinical Isolate
SRX5123670,Clinical Isolate
SRX5123671,Clinical Isolate
SRX5123672,Clinical Isolate
SRX5123673,Clinical Isolate
SRX5123674,Clinical Isolate
SRX5123675,Clinical Isolate
SRX5123676,Clinical Isolate
SRX5123677,Clinical Isolate
SRX5123678,Clinical Isolate
SRX5123679,Clinical Isolate
SRX5123680,Clinical Isolate
SRX5123681,Clinical Isolate
SRX5123682,Clinical Isolate
SRX5123683,Clinical Isolate
SRX5123684,Clinical Isolate
SRX5123685,Clinical Isolate
SRX5123686,Clinical Isolate
SRX5123687,Clinical Isolate
SRX5123688,Clinical Isolate
SRX5123689,Clinical Isolate
SRX5123690,Clinical Isolate
SRX5123691,Clinical Isolate
SRX5123692,Clinical Isolate
SRX5123693,Clinical Isolate
SRX5123694,Clinical Isolate
SRX5123695,Clinical Isolate
SRX5123696,Clinical Isolate
SRX5123697,Clinical Isolate
SRX5123698,Clinical Isolate
SRX5123699,Clinical Isolate
SRX5123700,Clinical Isolate
SRX5123701,Clinical Isolate
SRX5123702,Clinical Isolate
SRX5123703,Clinical Isolate
SRX5123704,Clinical Isolate
SRX5123705,Clinical Isolate
SRX5123706,Clinical Isolate
SRX5123707,Clinical Isolate
SRX5123708,Clinical Isolate
SRX5123709,Clinical Isolate
SRX5123710,Clinical Isolate
SRX5123711,Clinical Isolate
SRX5123712,Clinical Isolate
SRX5123713,Clinical Isolate
SRX5123714,Clinical Isolate
SRX5123715,Clinical Isolate
SRX5123716,Clinical Isolate
SRX5123717,Clinical Isolate
SRX5123718,Clinical Isolate
SRX5123719,Clinical Isolate
SRX5123720,Clinical Isolate
SRX5123721,Clinical Isolate
SRX5123722,Clinical Isolate
SRX5123723,Clinical Isolate
SRX5123724,Clinical Isolate
SRX5123725,Clinical Isolate
SRX5123726,Clinical Isolate
SRX5123727,Clinical Isolate
SRX5123728,Clinical Isolate
SRX5123729,Clinical Isolate
SRX5123730,Clinical Isolate
SRX5123731,Clinical Isolate
SRX5123732,Clinical Isolate
SRX5123733,Clinical Isolate
SRX5123734,Clinical Isolate
SRX5123735,Clinical Isolate
SRX5123736,Clinical Isolate
SRX5123737,Clinical Isolate
SRX5123738,Clinical Isolate
SRX5123739,Clinical Isolate
SRX5123740,Clinical Isolate
SRX5123741,Clinical Isolate
SRX5123742,Clinical Isolate
SRX5123743,Clinical Isolate
SRX5123744,Clinical Isolate
SRX5123745,Clinical Isolate
SRX5123746,Clinical Isolate
SRX5123747,Clinical Isolate
SRX5123748,Clinical Isolate
SRX5123749,Clinical Isolate
SRX5123750,Clinical Isolate
SRX5123751,Clinical Isolate
SRX5123752,Clinical Isolate
SRX5123753,Clinical Isolate
SRX5123754,Clinical Isolate
SRX5123755,Clinical Isolate
SRX5123756,Clinical Isolate
SRX5123757,Clinical Isolate
SRX5123758,Clinical Isolate
SRX5123759,Clinical Isolate
SRX5123760,Clinical Isolate
SRX5123761,Clinical Isolate
SRX5123762,Clinical Isolate
SRX5123763,Clinical Isolate
SRX5123764,Clinical Isolate
SRX5123765,Clinical Isolate
SRX5123766,Clinical Isolate
SRX5123767,Clinical Isolate
SRX5123768,Clinical Isolate
SRX4804439,PAO1
SRX4804440,NA
ERX3325033,PAO1
ERX3325034,PAO1
ERX3325035,PAO1
ERX3325036,PAO1
ERX3325037,PAO1
ERX3325038,PAO1
ERX2326457,NA
ERX2326458,NA
ERX2326461,NA
ERX2326462,NA
ERX2326463,PA14
ERX2326464,PA14
ERX2326467,PA14
ERX2326468,PA14
ERX2326469,NA
ERX2326470,NA
ERX2326471,NA
ERX2326472,NA
ERX2326473,NA
ERX2326474,NA
ERX2326475,NA
ERX2326476,NA
ERX2326477,NA
ERX2326478,NA
ERX2326479,NA
ERX2326480,NA
ERX2326481,NA
ERX2326482,NA
ERX2326483,NA
ERX2608048,NA
ERX2608049,NA
ERX2608050,NA
ERX2608051,NA
ERX2608052,NA
ERX2608053,NA
ERX2608054,NA
ERX2608055,NA
ERX2608056,NA
ERX2608057,NA
ERX2608058,NA
ERX2608059,NA
ERX2608060,NA
ERX2608061,NA
ERX2608062,NA
SRX4990982,PAO1
SRX3449588,PAO1
SRX3449589,PAO1
SRX3449590,PAO1
SRX3449591,NA
SRX3449592,NA
SRX3449593,NA
SRX3449594,NA
SRX3449595,NA
SRX3449596,NA
SRX3449597,NA
SRX3449598,NA
SRX3449599,NA
SRX3449600,NA
SRX3449601,NA
SRX3449602,NA
SRX3449603,PAO1
SRX3449604,PAO1
SRX3449605,PAO1
SRX3449606,NA
SRX3449607,NA
SRX3449608,NA
SRX3449609,NA
SRX3449610,NA
SRX3449611,NA
SRX3449612,NA
SRX3449613,NA
SRX3449614,NA
SRX3449615,NA
SRX3449616,NA
SRX3449617,NA
SRX5003360,NA
SRX5003359,NA
SRX5003358,PAO1
SRX5003357,PAO1
SRX5003356,NA
SRX5003355,NA
SRX5003354,NA
SRX5003353,NA
SRX5004144,PAO1
SRX5004143,PAO1
SRX5004142,PAO1
SRX5004141,PAO1
SRX2885819,NA
SRX2885820,NA
SRX2885821,NA
SRX396858,PA14
SRX6950635,NA
SRX6950622,NA
SRX8862509,PAO1
SRX8862510,PAO1
SRX8862511,PAO1
SRX8862514,PAO1
SRX8862515,PAO1
SRX8862516,PAO1
SRX8862518,PAO1
SRX8862523,PAO1
SRX6923935,PAO1
SRX7874206,PAO1
SRX7874205,PAO1
SRX7874204,PAO1
SRX7058493,PAO1
SRX6981189,PAO1
SRX7036368,PA14
SRX7036377,PA14
SRX7747528,PAO1
SRX2342944,NA
SRX8862512,PAO1
SRX8862513,PAO1
SRX8862517,PAO1
SRX8862519,PAO1
SRX8862520,PAO1
SRX8862521,PAO1
SRX8862522,PAO1
SRX8862524,PAO1
SRX7940213,PAO1
SRX7940214,PAO1
SRX7940215,PAO1
SRX7940216,PAO1
SRX7940217,PAO1
SRX7940218,PAO1
SRX8481170,PA14
SRX8481169,PA14
SRX8481168,PA14
SRX8481167,PA14
SRX8481166,PA14
SRX8481165,PA14
SRX8481164,PA14
SRX8481163,PA14
SRX8481162,PA14
SRX8481161,PA14
SRX8481160,PA14
SRX8481159,PA14
SRX9024459,PA14
SRX9024460,PA14
SRX9024461,PA14
SRX9024462,PA14
SRX9024463,PA14
SRX9024464,PA14
SRX9024465,PA14
SRX9024466,PA14
SRX9024467,PA14
SRX9024468,PA14
SRX9024469,PA14
SRX9024470,PA14
SRX9024471,PA14
SRX9024472,PA14
ERX3834789,PAO1
ERX3834789,PAO1
ERX3834790,PAO1
ERX3834790,PAO1
ERX3834791,PAO1
ERX3834791,PAO1
ERX3834792,PAO1
ERX3834792,PAO1
ERX3834793,PAO1
ERX3834793,PAO1
ERX3834794,PAO1
ERX3834795,PAO1
ERX3834795,PAO1
ERX3834796,PAO1
ERX3834796,PAO1
ERX3834797,PAO1
ERX3834797,PAO1
SRX8180521,PA14
SRX8180522,PA14
SRX8180523,PA14
SRX8180524,PA14
SRX8180525,PA14
SRX8180526,PA14
SRX8159837,NA
SRX8159836,NA
SRX8159835,NA
SRX8159834,NA
SRX8159833,NA
SRX8159832,NA
SRX8151345,NA
SRX8151344,NA
SRX8151343,NA
SRX8151342,NA
SRX8151341,NA
SRX8151340,NA
SRX8151339,NA
SRX8151338,NA
SRX8151337,NA
SRX8151336,NA
SRX8151335,NA
SRX8151334,NA
SRX8875459,PAO1
SRX8875458,NA
SRX8875457,NA
SRX8875456,NA
SRX8875455,NA
SRX8875454,NA
SRX8875453,NA
SRX8875452,NA
SRX8875451,NA
SRX8875450,NA
ERX4028938,NA
ERX4028943,NA
ERX4028944,NA
ERX4028945,NA
ERX4028946,NA
ERX4028947,NA
ERX4028948,NA
ERX4028949,NA
SRX6478151,PAO1
SRX2366139,NA
SRX1738854,NA
SRX5572889,PA14
SRX6867889,PA14
SRX6747267,PAO1
SRX540109,PAO1
SRX396900,Clinical Isolate
SRX396911,Clinical Isolate
SRX396915,Clinical Isolate
SRX6437733,NA
SRX1411284,PAO1
SRX1014303,Clinical Isolate
SRX1738853,NA
SRX2366148,NA
SRX7442751,PAO1
SRX5572474,PAO1
SRX2345232,NA
SRX2366145,NA
SRX5728480,PAO1
SRX6950627,NA
SRX6950620,NA
SRX7036375,PA14
SRX6437778,NA
SRX6437693,NA
SRX6867894,PA14
SRX6747261,PAO1
SRX6747953,PAO1
SRX396866,Clinical Isolate
SRX396889,Clinical Isolate
SRX460505,Clinical Isolate
SRX6923946,PAO1
SRX1411287,PAO1
SRX396856,PA14
SRX6950640,NA
SRX6950636,NA
SRX6950624,NA
SRX6950614,NA
SRX7442761,PAO1
SRX5620830,PA14
SRX6950609,NA
SRX6908624,NA
SRX9288333,PAO1
SRX691231,PA14
SRX1177863,PA14
SRX1737662,PAO1
SRX460511,Clinical Isolate
SRX1177870,PA14
SRX6437785,NA
SRX6437754,NA
SRX6437679,NA
SRX6437681,NA
SRX7044146,PAO1
SRX6437793,NA
SRX6437657,NA
SRX6437674,NA
SRX5534352,PAO1
SRX6437616,NA
SRX6437737,NA
SRX6437738,NA
SRX5534366,PAO1
SRX5534379,PAO1
SRX7442753,PAO1
SRX7098673,Clinical Isolate
SRX6976949,PAO1
SRX7747539,PAO1
SRX6437721,NA
SRX6437769,NA
SRX6923921,PAO1
SRX6950623,NA
SRX383861,PAO1
SRX396864,Clinical Isolate
SRX396883,Clinical Isolate
SRX396935,Clinical Isolate
SRX396939,Clinical Isolate
SRX6950628,NA
SRX5728477,PAO1
SRX5534368,PAO1
SRX396888,Clinical Isolate
SRX396902,Clinical Isolate
SRX396903,Clinical Isolate
SRX396922,Clinical Isolate
SRX1411288,PAO1
SRX5572894,PA14
SRX9288351,PAO1
SRX6437771,NA
SRX6437709,NA
SRX5572896,PA14
SRX5572884,PA14
SRX6352904,PAO1
SRX6437741,NA
SRX6437659,NA
SRX6437689,PA14
SRX2342954,NA
SRX2345224,NA
SRX6747268,PAO1
SRX5620824,PA14
SRX5624068,NA
SRX5728479,PAO1
SRX540113,PAO1
SRX460500,Clinical Isolate
SRX460509,Clinical Isolate
SRX661216,NA
SRX5860643,PAO1
SRX7058505,PAO1
SRX6437728,NA
SRX6437747,NA
SRX6437770,NA
SRX1491236,PAO1
SRX1853534,PAO1
SRX2366134,NA
SRX2366141,NA
SRX8408985,NA
SRX8408984,NA
SRX7113190,PAO1
SRX7113189,PAO1
SRX8044219,PAO1
SRX8044220,PAO1
SRX8044221,PAO1
SRX8044222,PAO1
SRX8044223,PAO1
SRX8044224,PAO1
SRX8044225,PAO1
SRX8044226,PAO1
SRX8044227,PAO1
SRX8044228,PAO1
SRX8044229,PAO1
SRX8044230,PAO1
SRX8044231,PAO1
SRX8044232,PAO1
SRX8044233,PAO1
SRX8044234,PAO1
SRX8044235,PAO1
SRX8044236,PAO1
SRX8639785,PAO1
SRX8639786,PAO1
SRX8639787,PAO1
SRX8639788,PAO1
SRX8639789,PAO1
SRX8639790,PAO1
SRX8639791,PAO1
SRX8639792,PAO1
SRX8639793,PAO1
SRX8639794,PAO1
SRX8639795,PAO1
SRX8639796,PAO1
SRX8639797,PAO1
SRX8639798,PAO1
SRX8639799,PAO1
SRX8639800,PAO1
SRX7874207,PAO1
ERX1819485,PAO1
ERX1819486,PAO1
ERX1819487,PAO1
ERX1819482,PAO1
ERX1819483,PAO1
ERX1819484,PAO1
ERX1819488,PAO1
ERX1819489,PAO1
ERX1819490,PAO1
SRX8527872,NA
SRX8527871,NA
SRX7756387,PA14
SRX7756388,PA14
SRX7756389,PA14
SRX7756390,PA14
SRX7756391,PA14
SRX7756392,PA14
SRX7756393,PA14
SRX7756394,PA14
SRX7756395,PA14
SRX7442756,PAO1
SRX460501,Clinical Isolate
SRX6747262,PAO1
SRX7442754,PAO1
SRX5728476,PAO1
SRX396881,Clinical Isolate
SRX396921,Clinical Isolate
SRX6437622,NA
SRX6437626,NA
SRX6437627,NA
SRX6437729,NA
SRX6437784,NA
SRX6437789,NA
SRX6437699,NA
SRX6437708,NA
SRX6437651,NA
SRX6437664,NA
SRX6437696,NA
SRX9288354,PAO1
SRX9288353,PAO1
SRX9288350,PAO1
SRX9288332,PAO1
SRX1853533,PAO1
SRX8174195,PAO1
SRX8174194,PAO1
SRX8174193,PAO1
SRX8174192,PAO1
SRX8174191,PAO1
SRX8174190,PAO1
SRX8174189,PAO1
SRX8174188,PAO1
SRX8174187,PAO1
SRX7036370,PA14
SRX2159159,PAO1
SRX1150821,PA14
SRX460495,Clinical Isolate
SRX384493,PAO1
SRX396975,Clinical Isolate
SRX396985,Clinical Isolate
SRX7058501,PAO1
SRX6747943,PAO1
SRX6788806,PA14
SRX5534362,PAO1
SRX6923934,PAO1
SRX7442755,PAO1
SRX5817388,NA
SRX6853209,NA
SRX396942,Clinical Isolate
SRX657971,NA
SRX657973,NA
SRX661215,NA
SRX657972,NA
SRX657975,NA
SRX657977,NA
ERX1296067,NA
ERX1296068,NA
ERX1296069,NA
ERX1296502,NA
ERX1296503,NA
ERX1296504,NA
SRX671507,PAO1
SRX671508,PAO1
SRX1092629,NA
SRX1092631,NA
SRX1093353,NA
SRX1093373,NA
SRX1093550,NA
SRX1093595,NA
SRX1093605,NA
SRX1093607,NA
SRX1093612,NA
SRX1093618,NA
SRX1093691,NA
SRX1093710,NA
SRX1093821,NA
SRX1093831,NA
SRX1093835,NA
SRX1093840,NA
SRX1093851,NA
SRX1093834,NA
SRX1093876,NA
SRX1094234,NA
SRX1094241,NA
SRX1094207,NA
SRX1094232,NA
SRX1094249,NA
SRX1094257,NA
SRX1094281,NA
SRX1094285,NA
SRX1094274,NA
SRX1094280,NA
SRX1094294,NA
SRX1094297,NA
SRX1094299,NA
SRX1094303,NA
SRX1094314,NA
SRX1094308,NA
SRX1094326,NA
SRX1094317,NA
SRX1094396,NA
SRX1094404,NA
SRX1094412,NA
SRX1094420,NA
SRX1094422,NA
SRX1094431,NA
SRX1094468,NA
SRX1094469,NA
SRX1094570,NA
SRX1094578,NA
SRX1094580,NA
SRX1094598,NA
SRX1094590,NA
SRX1096530,NA
SRX1096532,NA
SRX1096534,NA
SRX1096535,NA
SRX1096537,NA
SRX1096554,NA
SRX1096556,NA
SRX1096559,NA
SRX1096728,NA
SRX1096730,NA
SRX1096802,NA
SRX1096882,NA
SRX1096888,NA
SRX1096895,NA
SRX1096896,NA
SRX1096902,NA
SRX1096904,NA
SRX1096907,NA
SRX1096908,NA
SRX1096897,NA
SRX1096968,NA
SRX1096972,NA
SRX1096986,NA
SRX1096993,NA
SRX1096997,NA
SRX1096980,NA
SRX1097009,NA
SRX1097013,NA
SRX1096978,NA
SRX1096982,NA
SRX1097008,NA
SRX1140450,PAO1
SRX1140451,PAO1
SRX1140452,PAO1
SRX1140453,PAO1
SRX1140454,PAO1
SRX1140455,PAO1
SRX1140456,PAO1
SRX1140457,PAO1
SRX1141087,PA14
SRX1100224,PAO1
SRX1100226,PAO1
SRX1118956,PAO1
SRX1118953,PAO1
SRX1119735,PAO1
SRX1120676,PAO1
SRX460496,Clinical Isolate
SRX460498,Clinical Isolate
SRX460499,Clinical Isolate
SRX460504,Clinical Isolate
SRX460506,Clinical Isolate
SRX460507,Clinical Isolate
SRX460508,Clinical Isolate
SRX460512,Clinical Isolate
SRX1737664,PAO1
SRX1737665,PAO1
SRX1737668,PAO1
SRX1737667,PAO1
SRX1737670,PAO1
SRX1740204,PA14
SRX1740205,PA14
SRX1740206,PA14
SRX1740207,PA14
SRX1740208,PA14
SRX1740209,PA14
SRX516629,NA
SRX516634,NA
SRX2159158,PAO1
SRX2159161,PAO1
SRX2159162,PAO1
SRX2159177,PAO1
SRX2159178,PAO1
SRX2044501,PAK
SRX2044502,PAK
SRX2044503,PAK
SRX2044504,PAK
SRX2044505,PAK
SRX2044506,PAK
ERX1517773,PAO1
ERX1517774,PAO1
ERX2290965,NA
ERX2290966,NA
ERX2290967,NA
ERX2290968,NA
ERX2290969,NA
ERX2290970,NA
ERX2290971,NA
ERX2290972,NA
ERX2290973,NA
ERX2290974,NA
ERX2290975,NA
ERX2290976,NA
ERX2290977,NA
ERX2290978,NA
ERX2290979,NA
ERX2290980,NA
ERX2290981,NA
ERX2290982,NA
ERX2290983,NA
ERX2290984,NA
ERX2290985,NA
ERX2290986,NA
ERX2290987,NA
ERX2290988,NA
ERX2290989,NA
ERX2290990,NA
ERX2290991,NA
ERX2290992,NA
ERX2290993,NA
ERX2290994,NA
ERX2290995,NA
ERX2290996,NA
SRX3641525,PA14
SRX3641526,PA14
SRX3641527,PA14
SRX3641528,PA14
SRX3641529,PA14
SRX3641530,PA14
SRX3641531,PA14
SRX3641532,PA14
SRX3641533,PA14
SRX681635,PAO1
SRX681836,PAO1
SRX681837,PAO1
SRX682369,PAO1
SRX682370,PAO1
SRX682371,PAO1
SRX597261,NA
SRX597262,NA
SRX2342940,NA
SRX2342941,NA
SRX2342942,NA
SRX2342943,NA
SRX2342946,NA
SRX2342948,PAO1
SRX2342949,NA
SRX2342951,PAO1
SRX2342952,NA
SRX2342953,NA
SRX2342955,NA
SRX2342956,PAO1
SRX2345226,NA
SRX2345227,NA
SRX2345229,NA
SRX2345230,NA
SRX2345231,NA
SRX2345233,NA
SRX2345235,NA
SRX2345236,NA
SRX2345237,NA
SRX2345238,NA
SRX3590829,NA
SRX3590830,NA
SRX3590831,NA
SRX3590832,NA
SRX3590833,NA
SRX3590833,NA
SRX3590833,NA
SRX3590833,NA
SRX3590834,NA
SRX3590834,NA
SRX3590834,NA
SRX3590834,NA
SRX3590836,NA
SRX3590836,NA
SRX3590836,NA
SRX3590836,NA
SRX3590837,NA
SRX3590837,NA
SRX3590837,NA
SRX3590837,NA
SRX3590838,NA
SRX3590838,NA
SRX3590838,NA
SRX3590838,NA
SRX3590839,NA
SRX3590839,NA
SRX3590839,NA
SRX3590839,NA
SRX3590840,NA
SRX3590840,NA
SRX3590840,NA
SRX3590840,NA
SRX3590841,NA
SRX3590842,NA
SRX3590843,NA
SRX3590843,NA
SRX3590843,NA
SRX3590843,NA
SRX3590844,NA
SRX3590845,NA
SRX3590846,NA
SRX3590847,NA
SRX3590847,NA
SRX3590847,NA
SRX3590847,NA
SRX3590848,NA
SRX3590848,NA
SRX3590848,NA
SRX3590848,NA
SRX3590849,NA
SRX3590850,NA
SRX3590851,NA
SRX3590852,NA
SRX3590853,NA
SRX3590854,NA
SRX3590855,NA
SRX3590856,NA
SRX3590857,NA
SRX3590858,NA
SRX2940624,PAO1
SRX2940625,PAO1
SRX2940626,PAO1
SRX2940627,PAO1
SRX2940628,PAO1
SRX2940629,PAO1
SRX2940630,NA
SRX2940631,NA
SRX2940632,NA
SRX2940633,NA
SRX2940634,NA
SRX2940635,NA
SRX2520354,PAO1
SRX2520355,PAO1
SRX2520356,PAO1
SRX2520357,PAO1
SRX2520358,PAO1
SRX2520359,PAO1
SRX2520360,PAO1
SRX1712677,PA14
SRX1712677,PA14
SRX1712677,PA14
SRX1712677,PA14
SRX1712679,PA14
SRX1712679,PA14
SRX1712679,PA14
SRX1712679,PA14
SRX1712681,PA14
SRX1712681,PA14
SRX1712681,PA14
SRX1712681,PA14
SRX1712683,PA14
SRX1712683,PA14
SRX1712683,PA14
SRX1712685,PA14
SRX1712685,PA14
SRX540111,PAO1
SRX1158866,PA14
SRX1156127,PAO1
SRX1156135,PAO1
SRX1156137,PAO1
SRX1156138,PAO1
SRX1156140,PAO1
SRX1150173,PA14
SRX1150179,PA14
SRX1150182,PA14
SRX1150183,PA14
SRX1150276,PA14
SRX1150279,PA14
SRX1150281,PA14
SRX1150355,PA14
SRX1150780,PA14
SRX1150803,PA14
SRX1150806,PA14
SRX1150822,PA14
SRX1150840,PA14
SRX1150858,PA14
SRX1150874,PA14
SRX1150932,PA14
SRX1150933,PA14
SRX1150934,PA14
SRX1150935,PA14
SRX470313,PA14
SRX470314,PA14
SRX470318,PA14
SRX470319,PA14
SRX470320,PA14
SRX470321,PA14
SRX470324,PA14
SRX470328,PA14
SRX470329,PA14
SRX470331,PA14
SRX470333,PA14
SRX470336,PA14
SRX470338,PA14
SRX470339,PA14
SRX470340,PA14
SRX470342,PA14
SRX470343,PA14
SRX470347,PA14
SRX470348,PA14
SRX470350,PA14
SRX470351,PA14
SRX470352,PA14
SRX470354,PA14
SRX470356,PA14
SRX470358,PA14
SRX470359,PA14
SRX470360,PA14
SRX470361,PA14
SRX470363,PA14
SRX470364,PA14
SRX470365,PA14
SRX470366,PA14
SRX470368,PA14
SRX470370,PA14
SRX470372,PA14
SRX470374,PA14
SRX470376,PA14
SRX470379,PA14
SRX470381,PA14
SRX470385,PA14
SRX470386,PA14
SRX470389,PA14
SRX470391,PA14
SRX470393,PA14
SRX1880041,Clinical Isolate
SRX1880041,Clinical Isolate
SRX1880041,Clinical Isolate
SRX1880041,Clinical Isolate
SRX1880042,Clinical Isolate
SRX1880042,Clinical Isolate
SRX1880042,Clinical Isolate
SRX1880042,Clinical Isolate
SRX1880043,Clinical Isolate
SRX1880043,Clinical Isolate
SRX1880043,Clinical Isolate
SRX1880043,Clinical Isolate
SRX1880044,Clinical Isolate
SRX1880044,Clinical Isolate
SRX1880044,Clinical Isolate
SRX1880044,Clinical Isolate
SRX1630362,PAO1
SRX1630372,PAO1
SRX1200232,PA14
SRX2792486,PAO1
SRX1747042,PAO1
SRX2792487,PAO1
SRX2792488,PAO1
SRX2792489,PAO1
SRX2792490,PAO1
ERX1477379,PA14
ERX1477380,PA14
ERX1477381,PA14
SRX2185321,PA14
SRX2185322,PA14
SRX2185323,PA14
SRX2185324,PA14
SRX2185325,PA14
SRX2185326,PA14
SRX2185327,PA14
SRX2185328,PA14
SRX2185329,PA14
SRX2185330,PA14
SRX2185331,PA14
SRX2185332,PA14
SRX1771584,PAO1
SRX1771585,PAO1
SRX1771586,PAO1
SRX1771587,PAO1
SRX2066786,PA14
SRX2066786,PA14
SRX2066786,PA14
SRX2066787,PA14
SRX2066787,PA14
SRX2066787,PA14
SRX2066788,NA
SRX2066788,NA
SRX2066788,NA
SRX540114,PAO1
SRX540115,PAO1
SRX1177852,PA14
SRX1177855,PA14
SRX1177856,PA14
SRX1177858,PA14
SRX1177859,PA14
SRX1177861,PA14
SRX1177862,PA14
SRX1177866,PA14
SRX1177867,PA14
SRX1177868,PA14
SRX1177869,PA14
SRX1712677,PA14
SRX1712677,PA14
SRX1712677,PA14
SRX1712677,PA14
SRX1712677,PA14
SRX1712677,PA14
SRX1712679,PA14
SRX1712679,PA14
SRX1712679,PA14
SRX1712679,PA14
SRX1712681,PA14
SRX1712681,PA14
SRX1712681,PA14
SRX1712681,PA14
SRX1712683,PA14
SRX1712683,PA14
SRX1712683,PA14
SRX1712685,PA14
SRX1712685,PA14
SRX1712685,PA14
SRX1712685,PA14
SRX1447340,NA
SRX1447341,NA
SRX1447342,NA
SRX1447343,NA
SRX1491235,PAO1
SRX1491239,PAO1
SRX2181659,PAO1
SRX2181660,PAO1
SRX2181663,PAO1
SRX2181664,PAO1
SRX2181666,PAO1
SRX1516053,PAK
SRX1516054,PAK
SRX1516056,PAK
SRX1516057,PAK
SRX1516058,PAK
SRX1516059,PAK
SRX1516139,PAO1
SRX1516139,PAO1
SRX1516139,PAO1
SRX1516139,PAO1
SRX1516140,PAO1
SRX1516140,PAO1
SRX1516140,PAO1
SRX1516140,PAO1
SRX1516141,PAO1
SRX1516141,PAO1
SRX1516141,PAO1
SRX1516141,PAO1
SRX1516142,NA
SRX1516142,NA
SRX1516142,NA
SRX1516142,NA
SRX2255950,PAO1
SRX2255951,PAO1
SRX2255952,PAO1
SRX2255953,PAO1
SRX2255955,PAO1
SRX1567506,PAK
SRX589549,PA14
SRX591664,PAO1
SRX591665,PAO1
SRX591666,PAO1
SRX591667,PAO1
SRX591668,PAO1
SRX591669,PAO1
SRX591670,PAO1
SRX591671,PAO1
SRX591672,PAO1
SRX591673,PAO1
SRX591674,PAO1
SRX591675,PAO1
SRX591676,PAO1
SRX591677,PAO1
SRX591678,PAO1
SRX591679,PAO1
SRX2366127,NA
SRX2366129,NA
SRX2366132,NA
SRX2366133,NA
SRX2366136,NA
SRX2366137,NA
SRX2366138,NA
SRX2366140,NA
SRX2366142,NA
SRX2366146,NA
SRX2366147,NA
SRX2366152,NA
SRX2366153,NA
SRX2366155,NA
SRX2366156,NA
SRX2366157,NA
SRX2366158,NA
SRX2366159,NA
SRX2366160,NA
SRX2915111,PAO1
SRX2915112,PAO1
SRX2915113,PAO1
SRX2915114,PAO1
SRX5457606,PAO1
SRX5457607,PAO1
SRX8111264,PAO1
SRX8111266,PAO1
SRX8111269,PAO1
SRX8111308,PA14
SRX8111310,PA14
SRX8111317,PA14
SRX8111319,PA14
SRX8111320,PA14
SRX8111322,PA14
SRX8111323,PA14
SRX8111325,PA14
ERX2813653,PAO1
ERX2813654,PAO1
ERX2813655,PAO1
ERX2813656,PAO1
ERX2813657,PAO1
ERX2813658,PAO1
ERX3558798,PAO1
ERX3558799,PAO1
ERX3558800,PAO1
ERX3558801,PAO1
ERX3558802,PAO1
ERX3558803,PAO1
ERX3558804,PAO1
ERX3558805,PAO1
SRX6874325,PAO1
SRX6874326,PAO1
SRX6874327,PAO1
SRX6874328,PAO1
SRX6874329,PAO1
SRX6874330,PAO1
SRX6874331,PAO1
SRX6874332,PAO1
SRX6874333,PAO1
SRX6874334,PAO1
SRX7299392,PA14
SRX8030413,PA14
SRX8030414,PA14
SRX8030415,PA14
SRX8030416,PA14
SRX8030417,PA14
SRX8030418,PA14
SRX8030419,PA14
SRX8030420,PA14
SRX8030421,PA14
SRX8030422,PA14
SRX8030423,PA14
SRX8030424,PA14
SRX8030425,PA14
SRX8030426,PA14
SRX8030427,PA14
SRX8030428,PA14
ERX3284746,PAO1
ERX3284747,PAO1
ERX3284748,PAO1
ERX3284749,PAO1
ERX3284750,PAO1
ERX3284751,PAO1
ERX3284752,PAO1
ERX3284753,PAO1
SRX8138061,PAO1
SRX8138062,PAO1
SRX8138063,PAO1
SRX8138064,PAO1
SRX8143226,PAO1
SRX8143227,PAO1
SRX8143228,PAO1
SRX8143229,PAO1
SRX8111265,PAO1
SRX8111267,PAO1
SRX8111268,PAO1
SRX8111270,PAO1
SRX8111271,PAO1
SRX8111309,PA14
SRX8111318,PA14
SRX8111321,PA14
SRX8111324,PA14
SRX8111326,PA14
SRX7299391,PA14
SRX7299396,PA14
ERX3593017,PAO1
ERX3593018,PAO1
ERX3593019,PAO1
ERX3593020,PAO1
ERX3593021,PAO1
ERX3593022,PAO1
SRX5290921,PA14
SRX5290922,PA14
SRX5290923,PAO1
SRX5290924,PAO1
SRX5402691,NA
SRX5402692,NA
SRX5402693,NA
SRX5402694,NA
SRX5402695,NA
SRX5402696,NA
SRX5457605,PAO1
SRX5457608,PAO1
SRX7299393,PA14
SRX7299394,PA14
SRX7299395,PA14
SRX7299397,PA14
SRX7299398,PA14
SRX5309394,PA14
SRX5309393,PA14
SRX5309392,PA14
SRX7423374,PA14
SRX7423375,PA14
SRX7423376,PA14
SRX7423377,PA14
SRX7423378,PA14
SRX7423379,PA14
SRX7423380,PA14
SRX7423381,PA14
SRX7423382,PA14
SRX7423383,PA14
SRX7423384,PA14
SRX7423385,PA14
SRX7423386,PA14
SRX7423387,PA14
SRX7423388,PA14
SRX7423389,PA14
SRX7423390,PA14
SRX4679960,NA
SRX4679959,NA
SRX3573048,PAO1
SRX3573047,PAO1
SRX3573045,PAO1
SRX3573043,PAO1
SRX6976227,NA
SRX6976228,NA
SRX6976229,NA
SRX6976230,NA
SRX6976231,NA
SRX6976232,NA
SRX8487079,PAO1
SRX8487078,PAO1
SRX8487077,PAO1
SRX8487076,PAO1
SRX8487075,PAO1
SRX8487074,PAO1
ERX3552239,PAO1
ERX3552240,PAO1
ERX3552241,PAO1
ERX3552242,PAO1
ERX3552243,PAO1
ERX3552244,PAO1
ERX3552245,PAO1
ERX3552246,PAO1
ERX3552247,PAO1
ERX3552248,PAO1
ERX3552249,PAO1
ERX3552250,PAO1
ERX3552251,PAO1
ERX3552252,PAO1
ERX3552253,PAO1
ERX3552254,PAO1
ERX3552255,PAO1
ERX3552256,PAO1
ERX3552257,PAO1
ERX3552258,PAO1
ERX3552259,PAO1
ERX3552260,PAO1
ERX3552261,PAO1
ERX3552262,PAO1
ERX3552263,PAO1
ERX3552264,PAO1
ERX3552265,PAO1
ERX3552266,PAO1
ERX3552267,PAO1
ERX3552268,PAO1
SRX384494,PAO1
SRX386230,PAO1
SRX383865,NA
SRX383865,NA
SRX386231,NA
SRX386232,PAO1
SRX386232,PAO1
SRX386233,PAO1
SRX386234,PAO1
SRX386234,PAO1
SRX396861,Clinical Isolate
SRX396863,Clinical Isolate
SRX396865,Clinical Isolate
SRX396867,Clinical Isolate
SRX396868,Clinical Isolate
SRX396869,Clinical Isolate
SRX396870,Clinical Isolate
SRX396872,Clinical Isolate
SRX396873,Clinical Isolate
SRX396874,Clinical Isolate
SRX396875,Clinical Isolate
SRX396876,Clinical Isolate
SRX396877,Clinical Isolate
SRX396879,Clinical Isolate
SRX396880,Clinical Isolate
SRX396882,Clinical Isolate
SRX396884,Clinical Isolate
SRX396885,Clinical Isolate
SRX396886,Clinical Isolate
SRX396887,Clinical Isolate
SRX396890,Clinical Isolate
SRX396891,Clinical Isolate
SRX396892,Clinical Isolate
SRX396893,Clinical Isolate
SRX396895,Clinical Isolate
SRX396896,Clinical Isolate
SRX396898,Clinical Isolate
SRX396901,Clinical Isolate
SRX396907,Clinical Isolate
SRX396908,Clinical Isolate
SRX396909,Clinical Isolate
SRX396910,Clinical Isolate
SRX396913,Clinical Isolate
SRX396914,Clinical Isolate
SRX396916,Clinical Isolate
SRX396917,Clinical Isolate
SRX396918,Clinical Isolate
SRX396919,Clinical Isolate
SRX396923,Clinical Isolate
SRX396924,Clinical Isolate
SRX396925,Clinical Isolate
SRX396926,Clinical Isolate
SRX396930,Clinical Isolate
SRX396931,Clinical Isolate
SRX396932,Clinical Isolate
SRX396933,Clinical Isolate
SRX396934,Clinical Isolate
SRX396936,Clinical Isolate
SRX396937,Clinical Isolate
SRX396938,Clinical Isolate
SRX396940,Clinical Isolate
SRX396941,Clinical Isolate
SRX396943,Clinical Isolate
SRX396944,Clinical Isolate
SRX396946,Clinical Isolate
SRX396949,Clinical Isolate
SRX396950,Clinical Isolate
SRX396952,Clinical Isolate
SRX396953,Clinical Isolate
SRX396954,Clinical Isolate
SRX396955,Clinical Isolate
SRX396956,Clinical Isolate
SRX396957,Clinical Isolate
SRX396959,Clinical Isolate
SRX396960,Clinical Isolate
SRX396962,Clinical Isolate
SRX396963,Clinical Isolate
SRX396964,Clinical Isolate
SRX396966,Clinical Isolate
SRX396967,Clinical Isolate
SRX396968,Clinical Isolate
SRX396969,Clinical Isolate
SRX396970,Clinical Isolate
SRX396971,Clinical Isolate
SRX396972,Clinical Isolate
SRX396973,Clinical Isolate
SRX396974,Clinical Isolate
SRX396976,Clinical Isolate
SRX396977,Clinical Isolate
SRX396978,Clinical Isolate
SRX396979,Clinical Isolate
SRX396980,Clinical Isolate
SRX396981,Clinical Isolate
SRX396982,Clinical Isolate
SRX396983,Clinical Isolate
SRX396986,Clinical Isolate
SRX396987,Clinical Isolate
SRX396989,Clinical Isolate
SRX396990,Clinical Isolate
SRX396991,Clinical Isolate
SRX396992,Clinical Isolate
SRX396993,Clinical Isolate
SRX396994,Clinical Isolate
SRX389604,PAO1
SRX389605,PAO1
SRX389627,PAO1
SRX389628,PAO1
SRX389601,PAO1
SRX885668,PA14
SRX885669,PA14
SRX885670,PA14
SRX885671,PA14
SRX885672,PA14
SRX885673,PA14
SRX885674,PA14
SRX885675,PA14
SRX885676,PA14
SRX329010,PAO1
ERX676205,PAO1
ERX676206,PAO1
ERX676207,PAO1
ERX676208,PAO1
ERX676209,PAO1
ERX676210,PAO1
ERX676211,PAO1
ERX676212,PAO1
ERX676213,PAO1
ERX676214,PAO1
ERX676215,PAO1
ERX676216,PAO1
SRX853974,PAO1
SRX853975,PAO1
SRX853976,PAO1
SRX857126,PA14
SRX857127,PA14
SRX857128,PA14
SRX857129,PA14
SRX857130,PA14
SRX857131,PA14
SRX857132,PA14
SRX857133,PA14
SRX857134,PA14
SRX857135,PA14
SRX857136,PA14
SRX857137,PA14
SRX383855,PAO1
SRX383860,PAO1
SRX1017131,PAO1
SRX1017132,PAO1
SRX1017133,PAO1
SRX1017134,PAO1
SRX1017135,Clinical Isolate
SRX1017136,Clinical Isolate
SRX1017137,Clinical Isolate
SRX1017138,Clinical Isolate
SRX1352980,PAO1
SRX1352981,PAO1
SRX1352982,PAO1
SRX1074724,PA14
SRX1074735,PA14
SRX1074739,PA14
SRX1075198,PA14
SRX1075200,PA14
SRX157660,PAO1
SRX157659,PAO1
SRX157661,PAO1
SRX157683,PAO1
SRX156386,PAO1
SRX158075,PAO1
SRX352172,PA14
SRX352173,PA14
SRX352174,PA14
SRX352175,PA14
SRX352176,PA14
SRX352177,PA14
SRX352178,PA14
SRX352179,PA14
SRX1273291,PAO1
SRX1273292,PAO1
SRX1273293,PAO1
SRX1273294,PAO1
SRX1273295,PAO1
SRX804114,PA14
SRX804115,PA14
SRX804116,PA14
SRX804117,PA14
SRX804118,PA14
SRX804119,PA14
SRX105196,PA14
SRX105199,PA14
SRX105201,PA14
SRX105202,PA14
SRX105203,PA14
SRX761422,PAO1
SRX761423,PAO1
SRX743702,PAO1
SRX743702,PAO1
SRX743702,PAO1
SRX752782,PAO1
SRX752782,PAO1
SRX752782,PAO1
SRX475880,PA14
SRX475881,PA14
SRX475882,PA14
SRX475883,PA14
SRX475884,PA14
SRX475885,PA14
SRX475886,PA14
SRX475887,PA14
SRX475888,PA14
SRX475889,PA14
SRX475890,PA14
SRX475891,PA14
SRX475892,PA14
SRX475893,PA14
SRX480719,PAO1
SRX480720,PAO1
SRX480721,PAO1
SRX480722,PAO1
SRX470315,PA14
SRX470316,PA14
SRX470317,PA14
SRX470322,PA14
SRX470323,PA14
SRX470325,PA14
SRX470326,PA14
SRX470327,PA14
SRX470330,PA14
SRX470332,PA14
SRX470334,PA14
SRX470335,PA14
SRX470337,PA14
SRX470341,PA14
SRX470344,PA14
SRX470345,PA14
SRX470346,PA14
SRX470349,PA14
SRX470353,PA14
SRX470355,PA14
SRX470357,PA14
SRX470362,PA14
SRX470367,PA14
SRX470369,PA14
SRX470371,PA14
SRX470373,PA14
SRX470375,PA14
SRX470377,PA14
SRX470378,PA14
SRX470380,PA14
SRX470382,PA14
SRX470383,PA14
SRX470384,PA14
SRX470387,PA14
SRX470388,PA14
SRX470390,PA14
SRX470392,PA14
SRX470394,PA14
SRX474118,PA14
SRX474119,PA14
SRX474120,PA14
SRX474121,PA14
SRX474122,PA14
SRX474123,PA14
SRX474124,PA14
SRX474125,PA14
SRX474126,PA14
SRX474127,PA14
SRX474128,PA14
SRX474129,PA14
SRX474130,PA14
SRX474131,PA14
SRX474132,PA14
SRX474133,PA14
SRX474134,PA14
SRX474135,PA14
SRX474136,PA14
SRX474137,PA14
SRX474138,PA14
SRX474139,PA14
SRX474140,PA14
SRX474141,PA14
SRX474142,PA14
SRX474143,PA14
SRX474144,PA14
SRX474145,PA14
SRX474146,PA14
SRX474147,PA14
SRX474148,PA14
SRX474149,PA14
SRX474150,PA14
SRX474151,PA14
SRX474152,PA14
SRX474153,PA14
SRX474154,PA14
SRX474155,PA14
SRX474156,PA14
SRX474157,PA14
SRX474158,PA14
SRX474159,PA14
SRX474160,PA14
SRX474161,PA14
SRX474162,PA14
SRX474163,PA14
SRX474164,PA14
SRX1411278,PAO1
SRX1411280,PAO1
SRX1411281,PAO1
SRX1411282,PAO1
SRX1411283,PAO1
SRX1411285,PAO1
SRX1411289,PAO1
SRX1200232,PA14
SRX1200265,PA14
SRX1014303,Clinical Isolate
SRX1014303,Clinical Isolate
SRX1014303,Clinical Isolate
SRX1014303,Clinical Isolate
SRX383855,PAO1
SRX383860,PAO1
SRX1127442,PA14
SRX1127443,PA14
SRX1127444,PA14
SRX1127445,PA14
SRX1127446,PA14
SRX1127447,PA14
SRX3142374,PAO1
SRX3142373,PAO1
SRX3142372,PAO1
SRX3142371,PAO1
SRX3142370,PAO1
SRX3142369,PAO1
SRX2570595,NA
SRX2570597,NA
SRX2570600,NA
SRX2570601,NA
SRX2570602,NA
SRX2962082,PAO1
SRX2962081,PAO1
SRX2962080,PAO1
SRX2962079,PAO1
SRX3679615,PAO1
SRX3679616,PAO1
SRX3679617,PAO1
SRX3679618,PAO1
ERX541571,NA
ERX541572,NA
ERX541573,NA
ERX541574,NA
ERX541575,NA
ERX541576,NA
ERX541577,NA
ERX541578,NA
ERX541579,NA
ERX541580,NA
ERX541581,NA
ERX541582,NA
ERX541583,NA
ERX541584,NA
ERX541585,NA
ERX541586,NA
ERX541587,NA
ERX541588,NA
ERX541589,NA
ERX541590,NA
ERX541591,NA
ERX541592,NA
ERX541593,NA
ERX541594,NA
ERX541595,NA
ERX541596,NA
SRX2662717,PAO1
SRX2662718,PAO1
SRX2662719,PAO1
SRX2662720,PAO1
SRX2662721,PAO1
SRX2662722,PAO1
SRX2662723,PAO1
SRX2662724,PAO1
SRX2662725,PAO1
SRX2662726,PAO1
SRX2662727,PAO1
SRX2662728,PAO1
SRX2652914,NA
SRX2652915,NA
SRX2652916,NA
SRX2652917,NA
SRX2652918,NA
SRX2652919,NA
SRX2652920,NA
SRX2652921,NA
SRX2652922,NA
SRX2652923,NA
SRX2652924,NA
SRX2652925,NA
SRX2652926,PAO1
SRX2652927,PAO1
SRX2652928,PAO1
SRX2652929,PAO1
SRX2652930,PAO1
SRX2652931,PAO1
SRX2652932,PAO1
SRX2652933,PAO1
SRX2652934,PAO1
SRX2652935,PAO1
SRX2652936,PAO1
SRX2652937,PAO1
SRX2669083,PA14
SRX2669084,PA14
SRX2669085,PA14
SRX2669086,PA14
SRX3849506,PAK
SRX3849507,NA
SRX3893010,NA
SRX2711962,PAO1
SRX2711963,PAO1
SRX2711964,PAO1
SRX2711965,PAO1
SRX2711966,PAO1
SRX2711967,PAO1
SRX2711974,PAO1
SRX2711974,PAO1
SRX2711974,PAO1
SRX2712087,PAO1
SRX2712087,PAO1
SRX2712087,PAO1
SRX2712091,PAO1
SRX2712091,PAO1
SRX2712091,PAO1
SRX2712093,PAO1
SRX2712093,PAO1
SRX2712093,PAO1
SRX3873089,PAK
SRX3873090,PAK
SRX3873091,PAK
SRX3873092,PAK
SRX3873093,PAK
SRX3873094,PAK
SRX3873095,PAK
SRX3873096,PAK
SRX3873097,PAK
SRX3873877,PA14
SRX3873876,PA14
SRX3873875,PA14
SRX3873874,PA14
SRX3873873,PA14
SRX3873872,PA14
SRX3864727,NA
SRX3864726,NA
SRX4342822,PAO1
SRX4342821,PAO1
SRX4342820,PAO1
SRX4342819,PAO1
SRX4342818,PAO1
SRX4342817,PAO1
SRX4346422,NA
SRX4346421,NA
SRX4346420,NA
SRX4346419,PAO1
SRX4346418,NA
SRX4346417,NA
SRX4346416,NA
SRX4346415,NA
ERX2174773,PA14
ERX2174774,PA14
ERX2174775,PA14
ERX2174776,PA14
ERX2174777,PA14
ERX2174778,PA14
SRX1853292,PAO1
SRX1853292,PAO1
SRX1853532,PAO1
SRX1853532,PAO1
SRX1853532,PAO1
SRX1853533,PAO1
SRX1853534,PAO1
SRX4300141,PA14
SRX4300142,PA14
SRX4300144,PA14
SRX4300145,PA14
SRX4300146,PA14
SRX4300147,PA14
SRX4300148,PA14
SRX4300149,PA14
SRX4300150,PA14
SRX3166073,PAO1
SRX3166072,PAO1
SRX3166071,PAO1
SRX3166070,PAO1
SRX3763717,PAO1
SRX3763716,PAO1
SRX3763715,PAO1
SRX3763714,PAO1
SRX3763713,PAO1
SRX3763712,PAO1
SRX3169722,PAO1
SRX3169723,PAO1
SRX3169724,PAO1
SRX3169725,PAO1
SRX3169726,PAO1
SRX3169728,PAO1
SRX691231,PA14
SRX691233,PA14
SRX691234,PA14
SRX3093850,PA14
SRX3093849,PA14
SRX2570594,NA
SRX2570596,NA
SRX2570598,NA
SRX2570599,NA
SRX2570603,NA
SRX2508647,PAO1
SRX2508648,PAO1
SRX2508649,PAO1
SRX2508650,PAO1
SRX2508651,PAO1
SRX2508652,PAO1
SRX2508653,PAO1
SRX2508654,PAO1
SRX2508655,PAO1
ERX2259197,PAO1
ERX2259198,PAO1
ERX2259199,PAO1
ERX2259200,PAO1
SRX2520351,PAO1
SRX2520352,PAO1
SRX2520353,PAO1
SRX2549304,PA14
SRX2549303,PA14
ERX2300159,PAO1
ERX2300160,PAO1
ERX2300161,PAO1
ERX2300162,PAO1
ERX2300163,PAO1
ERX2300164,PAO1
ERX2300165,PAO1
ERX2300166,PAO1
ERX2300167,PAO1
ERX2300168,PAO1
ERX2300169,PAO1
ERX2300170,PAO1
SRX3799629,NA
SRX3799630,NA
SRX4326008,PA14
SRX4326007,PA14
SRX4326006,PA14
SRX4326005,PA14
SRX4326003,PA14
SRX2992501,PAO1
SRX2992501,PAO1
SRX2992501,PAO1
SRX2992501,PAO1
SRX4326017,PA14
SRX4326016,PA14
SRX4326015,PA14
SRX4326014,PA14
SRX4326013,PA14
SRX4326012,PA14
SRX4326011,PA14
SRX4326010,PA14
SRX4326009,PA14
SRX4326004,PA14
SRX3789430,PA14
SRX3789425,NA
SRX3789421,PA14
SRX3789420,PA14
SRX3789419,NA
SRX3789413,PA14
SRX3789411,PA14
SRX3789410,PA14
SRX3789408,PAO1
SRX3789407,PAO1
SRX3789406,PA14
SRX3789405,PA14
SRX3789404,PA14
SRX3789401,PA14
SRX3789418,PA14
SRX3789400,PA14
ERX2456848,PAO1
ERX2456849,PAO1
ERX2456850,PAO1
ERX2456854,PAO1
ERX2456855,PAO1
ERX2456859,PAO1
SRX2855034,NA
SRX2855033,NA
SRX3323668,PAO1
SRX3323667,PAO1
SRX3323666,PAO1
SRX3323665,PAO1
SRX3324112,PAO1
SRX3324113,PAO1
SRX3324114,PAO1
SRX3324115,PAO1
SRX3324116,PAO1
SRX3324117,PAO1
SRX3918611,PAO1
SRX3918612,PAO1
SRX3918613,PAO1
SRX3918614,PAO1
SRX3918615,PAO1
SRX3918616,PAO1
SRX3918617,PA14
SRX3918618,PA14
SRX3918619,PA14
SRX3918620,PA14
SRX3918621,PA14
SRX3918622,PA14
ERX2195929,PAO1
ERX2195930,PAO1
ERX2195931,PAO1
ERX2195932,PAO1
ERX2195933,PAO1
ERX2195934,PAO1
SRX396920,Clinical Isolate
SRX396988,Clinical Isolate
SRX5572477,PAO1
SRX6747941,PAO1
SRX5630349,PAO1
SRX5620828,PA14
SRX5620825,PA14
SRX1177860,PA14
SRX6981195,PA14
SRX6950613,NA
SRX6867890,PA14
SRX6747952,PAO1
SRX7058513,PAO1
SRX6437605,NA
SRX6437607,NA
SRX6437736,NA
SRX6437739,NA
SRX6437704,NA
SRX6437719,NA
SRX6437755,NA
SRX6437760,NA
SRX6437666,NA
SRX6437671,NA
SRX6437672,NA
SRX6437678,NA
SRX6437629,NA
SRX2366125,NA
SRX2366151,NA
SRX516633,NA
SRX540112,PAO1
SRX5624079,NA
SRX7036367,PA14
SRX7036372,PA14
SRX7058515,PAO1
SRX7058512,PAO1
SRX7058509,PAO1
SRX7058495,PAO1
SRX7098672,Clinical Isolate
SRX6950642,NA
SRX6853208,NA
SRX6867892,PA14
SRX6437774,NA
SRX6437775,NA
SRX6437757,NA
SRX6437758,NA
SRX6437642,NA
SRX7058511,PAO1
SRX5728473,PAO1
SRX6478147,PAO1
SRX2366130,NA
SRX7112717,NA
SRX460510,Clinical Isolate
SRX6437723,NA
SRX6437746,NA
SRX6437779,NA
SRX6437790,NA
SRX6437701,NA
SRX6437710,NA
SRX6437751,NA
SRX6437762,NA
SRX6437673,NA
SRX6437675,NA
SRX6437691,NA
SRX743702,PAO1
SRX1100227,PAO1
SRX6579275,PA14
SRX5534355,PAO1
SRX5534375,PAO1
SRX2366144,NA
SRX396945,Clinical Isolate
SRX396958,Clinical Isolate
SRX5817389,NA
SRX5817387,NA
SRX5572468,PAO1
SRX5572887,PA14
SRX7442758,PAO1
SRX7526617,NA
SRX6437700,NA
SRX6437683,NA
SRX6981197,PAO1
SRX6950617,NA
SRX6923945,PAO1
SRX6352907,PAO1
SRX6950632,NA
SRX6950610,NA
SRX5630352,PAO1
SRX6923932,PAO1
SRX7747527,PAO1
SRX386233,PAO1
SRX6437609,NA
SRX6437619,NA
SRX6437621,NA
SRX6437744,NA
SRX6437783,NA
SRX6437720,NA
SRX6437749,NA
SRX6437759,NA
SRX6437688,PA14
SRX6437630,NA
SRX5817384,NA
SRX6747255,PAO1
SRX6747950,PAO1
SRX6478154,PAO1
SRX7058514,PAO1
SRX7058507,PAO1
SRX7058494,PAO1
SRX1177857,PA14
SRX1156999,PA14
SRX6923943,PAO1
SRX5534354,PAO1
SRX7526634,NA
SRX5572888,PA14
SRX5728472,PAO1
SRX6950643,NA
SRX6950616,NA
SRX6437732,NA
SRX6437712,NA
SRX6437717,NA
SRX6437752,NA
SRX6437698,NA
SRX6437635,NA
SRX6437640,NA
SRX5728470,PAO1
SRX5620823,PA14
SRX5624074,NA
SRX6747942,PAO1
SRX6747955,PAO1
SRX6747956,PAO1
SRX7526618,NA
SRX5728475,PAO1
SRX5728478,PAO1
SRX6923944,PAO1
SRX6437614,NA
SRX6437726,NA
SRX6437735,NA
SRX6437794,NA
SRX6437711,NA
SRX6437716,NA
SRX6437658,NA
SRX6437663,NA
SRX6437685,NA
SRX6437694,NA
SRX7112719,NA
SRX6478153,PAO1
SRX9288355,PAO1
SRX7526632,NA
SRX7058492,PAO1
SRX5534361,PAO1
SRX5534364,PAO1
SRX5534367,PAO1
SRX5534378,PAO1
SRX6478152,PAO1
SRX6853212,PAO1
SRX1014303,Clinical Isolate
SRX1177865,PA14
SRX1150275,PA14
SRX6950638,NA
SRX383864,PAO1
SRX6437606,NA
SRX6437612,NA
SRX6437748,NA
SRX6437686,NA
SRX6437697,NA
SRX6437639,NA
SRX7058498,PAO1
SRX7058496,PAO1
SRX7044148,PAO1
SRX6478150,PAO1
SRX7098671,Clinical Isolate
SRX7112720,NA
SRX7112718,NA
SRX5661364,PAO1
SRX5661365,PAO1
SRX2366143,NA
SRX2366154,NA
SRX2342957,PAO1
SRX5572469,PAO1
SRX5572470,PAO1
SRX1157000,PA14
SRX384493,PAO1
SRX396951,Clinical Isolate
SRX1491238,PAO1
SRX6437613,NA
SRX6437725,NA
SRX6437772,NA
SRX6437707,NA
SRX6437722,NA
SRX6437756,NA
SRX6437654,NA
SRX6437669,NA
SRX6437670,NA
SRX6437690,NA
SRX6437643,NA
SRX7526629,NA
SRX7526619,NA
SRX7442759,PAO1
SRX6437633,NA
SRX5572479,PAO1
SRX5572901,PA14
SRX5572892,PA14
SRX6747946,PAO1
SRX6747949,PAO1
SRX5534358,PAO1
SRX5728481,PAO1
SRX5534349,PAO1
SRX5534373,PAO1
SRX7526633,NA
SRX5620826,PA14
SRX5624065,NA
SRX5624070,NA
SRX5624073,NA
SRX7058500,PAO1
SRX6923930,PAO1
SRX7044147,PAO1
SRX7044149,PAO1
SRX7044152,PAO1
SRX7058503,PAO1
SRX5811927,NA
SRX5817385,NA
SRX7442760,PAO1
SRX7098668,Clinical Isolate
SRX7112716,NA
SRX6579274,PA14
SRX9288330,PAO1
SRX6950621,NA
SRX7098669,Clinical Isolate
SRX5620827,PA14
SRX6437615,NA
SRX6437623,NA
SRX6437624,NA
SRX6437625,NA
SRX6437724,NA
SRX6437745,NA
SRX6437781,NA
SRX6437715,NA
SRX6437665,NA
SRX6437637,NA
SRX6437650,NA
SRX5860640,PAO1
SRX5572478,PAO1
SRX5572891,PA14
SRX6747258,PAO1
SRX6747944,PAO1
SRX6747954,PAO1
SRX5811926,NA
SRX5817386,NA
SRX7044151,PAO1
SRX7058497,PAO1
SRX6747958,PAO1
SRX6950634,NA
SRX6950626,NA
SRX6437787,NA
SRX6437706,NA
SRX5534369,PAO1
SRX6950633,NA
SRX7098665,Clinical Isolate
SRX6437773,NA
SRX6437702,NA
SRX6437753,NA
SRX6437768,NA
SRX6437646,NA
SRX6437649,NA
SRX6981196,PAO1
SRX540108,PAO1
SRX396862,Clinical Isolate
SRX396906,Clinical Isolate
SRX1158866,PA14
SRX6747263,PAO1
SRX6747264,PAO1
SRX7526637,NA
SRX5624063,NA
SRX5624080,NA
SRX7442752,PAO1
SRX6976951,PAO1
SRX5661366,PAO1
SRX7526636,NA
SRX5572475,PAO1
SRX5572897,PA14
SRX6747260,PAO1
SRX6747945,PAO1
SRX6747957,PAO1
SRX5534351,PAO1
SRX5534365,PAO1
SRX5534374,PAO1
SRX7442757,PAO1
SRX7058504,PAO1
SRX5728482,PAO1
SRX6437617,NA
SRX6437620,NA
SRX6437766,NA
SRX6437652,NA
SRX6437655,NA
SRX7036376,PA14
SRX5534353,PAO1
SRX5534357,PAO1
SRX7747538,PAO1
SRX6976952,PAO1
SRX6981188,PAO1
SRX2342950,NA
SRX7044150,PAO1
SRX7058508,PAO1
SRX6911057,NA
SRX5728471,PAO1
SRX5728474,PAO1
SRX6352908,PAO1
SRX6478155,PAO1
SRX5534360,PAO1
SRX6950625,NA
SRX6437608,NA
SRX6437740,NA
SRX6437742,NA
SRX6437777,NA
SRX6437786,NA
SRX6437718,NA
SRX6437695,NA
SRX6437648,NA
SRX5624069,NA
SRX5572886,PA14
SRX6747947,PAO1
SRX6747948,PAO1
SRX5624071,NA
SRX5624075,NA
SRX5534363,PAO1
SRX6950612,NA
SRX1156136,PAO1
SRX2366128,NA
SRX6923942,PAO1
SRX1853534,PAO1
SRX2159157,PAO1
SRX6437767,NA
SRX396948,Clinical Isolate
SRX396965,Clinical Isolate
SRX7058499,PAO1
SRX6437731,NA
SRX6437780,NA
SRX6437791,NA
SRX6437714,NA
SRX6437761,NA
SRX6437653,NA
SRX6437662,NA
SRX6437677,NA
SRX6437628,NA
SRX6478148,PAO1
SRX383864,PAO1
SRX1200265,PA14
SRX1150809,PA14
SRX1150820,PA14
SRX657974,NA
SRX657976,NA
SRX2366150,NA
SRX2255954,PAO1
SRX1853292,PAO1
SRX1150429,PA14
SRX516631,NA
SRX389626,PAO1
SRX5534356,PAO1
SRX5534370,PAO1
SRX5534371,PAO1
SRX5534372,PAO1
SRX6747951,PAO1
SRX6923933,PAO1
SRX6923929,PAO1
SRX6437734,NA
SRX6437750,NA
SRX6437764,NA
SRX6437684,NA
SRX6437631,NA
SRX6437632,NA
SRX6437634,NA
SRX6950639,NA
SRX6950615,NA
SRX7036373,PA14
SRX7058510,PAO1
SRX7058502,PAO1
SRX5624077,NA
SRX5624078,NA
SRX6478149,PAO1
SRX5661363,PAO1
SRX5661368,PAO1
SRX5661370,PAO1
SRX6867891,PA14
SRX6788807,PA14
SRX7526635,NA
SRX7526620,NA
SRX7058506,PAO1
SRX5624067,NA
SRX691234,PA14
SRX2366131,NA
SRX5572885,PA14
SRX7526638,NA
SRX6853211,NA
SRX5661369,PAO1
SRX6976950,PAO1
SRX396857,PA14
SRX105200,PA14
SRX5534350,PAO1
SRX5534376,PAO1
SRX7747537,PAO1
SRX6437644,NA
SRX6437611,NA
SRX6437788,NA
SRX691233,PA14
SRX6437618,NA
SRX396878,Clinical Isolate
SRX7747540,PAO1
SRX1853533,PAO1
SRX6976953,PAO1
SRX396961,Clinical Isolate
SRX105195,PA14
SRX105197,PA14
SRX1411279,PAO1
SRX2342947,PAO1
SRX6437743,NA
SRX6437792,NA
SRX6437765,NA
SRX6437687,NA
SRX9288334,PAO1
SRX1491237,PAO1
SRX1100225,PAO1
SRX6747265,PAO1
SRX5624066,NA
SRX6950637,NA
SRX6950618,NA
SRX6437727,NA
SRX6437680,NA
SRX1150778,PA14
SRX5572472,PAO1
SRX6437610,NA
SRX6437660,NA
SRX6976948,PAO1
SRX2366126,NA
SRX5624064,NA
SRX5624072,NA
SRX6867893,PA14
SRX396894,Clinical Isolate
SRX396904,Clinical Isolate
SRX396905,Clinical Isolate
SRX396928,Clinical Isolate
SRX396929,Clinical Isolate
SRX1177853,PA14
SRX2366135,NA
SRX9288349,PAO1
SRX9288335,PAO1
SRX9370100,NA
SRX9370112,PAO1
SRX9370122,NA
SRX9370134,PAO1
SRX9370139,NA
SRX9370087,PAO1
SRX9370095,NA
SRX9370114,PAO1
SRX9370124,NA
SRX9370125,PAO1
SRX9370138,NA
SRX9370143,NA
SRX396897,Clinical Isolate
SRX1411286,PAO1
SRX540110,PAO1
SRX1177871,PA14
SRX6437604,NA
SRX396984,Clinical Isolate
SRX396947,Clinical Isolate
SRX6950611,NA
SRX6352906,PAO1
SRX2366149,NA
SRX2345234,NA
SRX7098670,Clinical Isolate
SRX396912,Clinical Isolate
SRX460502,Clinical Isolate
SRX5534377,PAO1
SRX5572473,PAO1
SRX396860,Clinical Isolate
SRX396899,Clinical Isolate
SRX396927,Clinical Isolate
SRX396871,Clinical Isolate
SRX7098667,Clinical Isolate
SRX2342945,PAO1
SRX7036371,PA14
SRX7036374,PA14
SRX6437668,NA
SRX6437682,NA
SRX6437636,NA
SRX5811925,NA
SRX7526622,NA
SRX7526621,NA
SRX6760768,NA
SRX5860642,PAO1
SRX6437705,PA14
SRX6437676,NA
SRX752782,PAO1
SRX6853215,PAO1
SRX9288337,PAO1
SRX6437713,NA
SRX6437763,NA
SRX6437638,NA
SRX6437656,NA
SRX9370110,PAO1
SRX9370126,PAO1
SRX5860646,PAO1
SRX6760767,NA
SRX5572476,PAO1
SRX5572900,PA14
SRX5572899,PA14
SRX5572893,PA14
SRX6853213,PAO1
SRX6853214,PAO1
SRX5811928,NA
SRX6950629,NA
SRX6437776,NA
SRX6437782,NA
SRX6437667,NA
SRX2159160,PAO1
SRX6352903,PAO1
SRX5572471,PAO1
SRX5572895,PA14
SRX1074702,PA14
SRX657978,NA
SRX9288329,PAO1
SRX2345228,NA
SRX6747256,PAO1
SRX6747259,PAO1
SRX6747266,PAO1
SRX6437730,NA
SRX6437703,NA
SRX6437641,NA
SRX6437647,NA
SRX7036369,PA14
SRX9288336,PAO1
SRX5860645,PAO1
SRX6853210,NA
SRX5534359,PAO1
SRX5534380,PAO1
SRX2345221,NA
SRX5620829,PA14
SRX5630350,PAO1
SRX5630351,PAO1
SRX2181665,PAO1
SRX1150430,PA14
SRX1074666,PA14
SRX9288331,PAO1
SRX5661367,PAO1
SRX6352905,PAO1
SRX6747257,PAO1
SRX6747269,PAO1
SRX5572890,PA14
SRX5860639,PAO1
SRX9370113,PAO1
SRX9370130,PAO1
SRX383861,PAO1
SRX396859,PA14
SRX5860641,PAO1
SRX5860644,PAO1
SRX1491234,PAO1
SRX1150126,PA14
SRX5572898,PA14
SRX5624076,NA
SRX9288352,PAO1
SRX9288341,PAO1
SRX7036378,PA14
SRX7044153,PAO1
SRX6950631,NA
SRX6437661,NA
SRX6437692,NA
SRX6437645,NA
SRX7098666,Clinical Isolate
SRX7112722,NA
SRX9370085,PAO1
SRX9370086,PAO1
SRX9370088,PAO1
SRX9370089,PAO1
SRX9370090,PAO1
SRX9370091,PAO1
SRX9370092,PAO1
SRX9370093,PAO1
SRX9370094,PAO1
SRX9370096,NA
SRX9370097,NA
SRX9370098,NA
SRX9370099,NA
SRX9370101,NA
SRX9370102,NA
SRX9370103,NA
SRX9370104,NA
SRX9370105,PAO1
SRX9370106,PAO1
SRX9370107,PAO1
SRX9370108,PAO1
SRX9370109,PAO1
SRX9370111,PAO1
SRX9370115,NA
SRX9370116,NA
SRX9370117,NA
SRX9370118,NA
SRX9370119,NA
SRX9370120,NA
SRX9370121,NA
SRX9370123,NA
SRX9370127,PAO1
SRX9370128,PAO1
SRX9370129,PAO1
SRX9370131,PAO1
SRX9370132,PAO1
SRX9370133,PAO1
SRX9370135,NA
SRX9370136,NA
SRX9370137,NA
SRX9370140,NA
SRX9370141,NA
SRX9370142,NA
SRX9370144,NA
