PA14 id	Name	PAO1 homolog id	label	Transcriptional similarity across strains	P-value	pathways present	Related acc genes
PA14_18090		PA3573		0.3182342486334733	3.8148137408862605e-126	[]
PA14_23360	wzz	PA3160	most stable	0.6645583738469344	0.0	[]
PA14_02200		PA0175	most stable	0.7422864024428574	0.0	['KEGG-Pathway-pae02030: Bacterial chemotaxis']
PA14_45030		PA1499		0.2994283982365041	3.2767471056391116e-111	['KEGG-Pathway-pae00260: Glycine, serine and threonine metabolism', 'KEGG-Pathway-pae00630: Glyoxylate and dicarboxylate metabolism']
PA14_17930	glpD	PA3584		0.30430057632320395	5.641814449264951e-115	['KEGG-Pathway-pae00564: Glycerophospholipid metabolism']
PA14_18470	algL	PA3547		0.4602300430042096	1.1656992437546543e-278	['KEGG-Pathway-pae00051: Fructose and mannose metabolism']
PA14_70170		PA5314		0.24104693044740505	1.461686763541568e-71	[]
PA14_04650	pfpI	PA0355	most stable	0.5870399073024095	0.0	[]
PA14_55390		PA0691		0.4110920707934295	3.3245075345945177e-217	[]
PA14_47130		PA1323	most stable	0.7234748814184747	0.0	[]
PA14_36980		PA2134	most stable	0.6982968644458469	0.0	[]
PA14_20030	hasD	PA3406	most stable	0.731801801555817	0.0	['KEGG-Module-M00328: Hemophore/metalloprotease transport system']
PA14_03710		PA0284		0.3349436849983982	2.3730498128090956e-140	[]
PA14_44860		PA1514	most stable	0.5211658041971894	0.0	['KEGG-Pathway-pae00230: Purine metabolism']
PA14_36200		PA2204	most stable	0.6150520232646147	0.0	['KEGG-Module-M00236: Putative polar amino acid transport system']
PA14_36500		PA2172	most stable	0.7158889485650501	0.0	[]
PA14_13050		PA3928	most stable	0.6758331470990131	0.0	[]
PA14_72350		PA5480	least stable	0.15618081098773445	1.4913379904371162e-30	[]	['PA14_49990', 'PA14_31030', 'PA14_39700', 'PA14_31000']
PA14_18800		PA3520	most stable	0.5516208537082171	0.0	[]
PA14_14975		PA3796		0.4992448612866714	0.0	[]
PA14_13810	narJ	PA3873	most stable	0.5038360519894377	0.0	['KEGG-Pathway-pae00910: Nitrogen metabolism', 'KEGG-Module-M00529: Denitrification, nitrate => nitrogen', 'KEGG-Module-M00530: Dissimilatory nitrate reduction, nitrate => ammonia']
PA14_16680		PA3688	most stable	0.8193626842045926	0.0	[]
PA14_04690		PA0359		0.4536034276910842	9.072001758183584e-270	[]
PA14_46140		PA1416	most stable	0.500015633773209	0.0	[]
PA14_20020	hasAp	PA3407	most stable	0.6296899917674059	0.0	[]
PA14_56510		PA4345	most stable	0.6703370247969844	0.0	[]
PA14_27000		PA2867		0.4739077489649184	1.2064829675146567e-297	[]
PA14_06390		PA0490	most stable	0.5174328436782542	0.0	[]
PA14_32250		PA2506		0.30581038640829106	3.717223494495546e-116	[]
PA14_56990		PA4384	most stable	0.6880807844154277	0.0	[]
PA14_50480	flgB	PA1077	most stable	0.6053762546141189	0.0	['KEGG-Pathway-pae02040: Flagellar assembly']
PA14_36620		PA2161	most stable	0.6153946537965943	0.0	[]
PA14_61840		PA4674		0.3495759370650696	1.5337228659680792e-153	[]
PA14_28450	eco	PA2755		0.3697466334338997	6.50004580523107e-173	[]
PA14_60750	pra	PA4590		0.21044252759494256	1.3476330544727635e-54	[]
PA14_38640		PA2000	most stable	0.6809369687022114	0.0	['KEGG-Pathway-pae00072: Synthesis and degradation of ketone bodies', 'KEGG-Pathway-pae00280: Valine, leucine and isoleucine degradation', 'KEGG-Pathway-pae00650: Butanoate metabolism']
PA14_19900		PA3417	most stable	0.7083193446112815	0.0	['KEGG-Pathway-pae00020: Citrate cycle (TCA cycle)', 'KEGG-Pathway-pae00620: Pyruvate metabolism', 'KEGG-Pathway-pae00010: Glycolysis / Gluconeogenesis', 'KEGG-Module-M00307: Pyruvate oxidation, pyruvate => acetyl-CoA']
PA14_34500		PA2329	most stable	0.725238335397061	0.0	['KEGG-Module-M00188: NitT/TauT family transport system']
PA14_41970		PA1746	most stable	0.6040326008149841	0.0	[]
PA14_49700		PA1136	most stable	0.5803732612465995	0.0	[]
PA14_64300		PA4861	most stable	0.6117496315600042	0.0	['KEGG-Module-M00323: Urea transport system']
PA14_64990		PA4921		0.3286338052031345	7.007273940453694e-135	[]
PA14_49330		PA1166	most stable	0.7888278021611783	0.0	[]
PA14_13260	moaB1	PA3915		0.2145622559633872	9.829089854403983e-57	[]
PA14_13240	moaD	PA3917		0.2291479308829405	1.1530215388216787e-64	['KEGG-Pathway-pae04122: Sulfur relay system', 'KEGG-Pathway-pae00790: Folate biosynthesis']
PA14_03670	cysW	PA0281		0.4534902842630757	1.2817648192850891e-269	['KEGG-Pathway-pae00920: Sulfur metabolism', 'KEGG-Module-M00185: Sulfate transport system', 'KEGG-Module-M00616: Sulfate-sulfur assimilation']
PA14_08240		PA0636		0.4141620245302591	9.417564252096971e-221	[]
PA14_42630		PA1692	most stable	0.5855088987210779	0.0	['KEGG-Pathway-pae03070: Bacterial secretion system', 'KEGG-Module-M00332: Type III secretion system']
PA14_48115	aprD	PA1246	most stable	0.7186815900273115	0.0	['KEGG-Module-M00328: Hemophore/metalloprotease transport system']
PA14_58580		PA4515		0.2263064430307672	4.4849209194252684e-63	[]
PA14_39810		PA1911	most stable	0.7026288029924389	0.0	[]
PA14_09270	pchE	PA4226	most stable	0.7435612870575585	0.0	['KEGG-Pathway-pae01053: Biosynthesis of siderophore group nonribosomal peptides']
PA14_14330		PA3842		0.4517755088041856	2.3759103150175055e-267	[]
PA14_66460		PA5027	most stable	0.6252289241596828	0.0	[]
PA14_33770		PA2389	most stable	0.6458678535224371	0.0	[]
PA14_48090	aprF	PA1248	most stable	0.6634653527811006	0.0	['KEGG-Module-M00328: Hemophore/metalloprotease transport system']
PA14_02770		PA0227	most stable	0.6185788113996736	0.0	['KEGG-Pathway-pae00643: Styrene degradation', 'KEGG-Pathway-pae00650: Butanoate metabolism']
PA14_05820		PA0446		0.3027543459418345	8.991752298692031e-114	[]
PA14_21570		PA3284		0.2002074758258764	1.7583119230055414e-49	[]
PA14_10360		PA4141	most stable	0.7205416372349982	0.0	[]
PA14_65160		PA4933	most stable	0.8150609470679443	0.0	[]
PA14_65040		PA4925	most stable	0.7906612371812681	0.0	[]
PA14_12940		PA3937		0.471581636127217	2.3528288363189883e-294	['KEGG-Pathway-pae00920: Sulfur metabolism']
PA14_20250		PA3390	most stable	0.5965097259385362	0.0	[]
PA14_40390	modA	PA1863		0.3457664246764093	4.879275323179278e-150	[]
PA14_64520		PA4880	most stable	0.6551759877838931	0.0	[]
PA14_34490		PA2330	most stable	0.7511094223856356	0.0	[]
PA14_20330	phnE	PA3382	most stable	0.5739401747103505	0.0	['KEGG-Module-M00223: Phosphonate transport system']
PA14_20491		PA3368		0.4021649309393448	4.257218810756583e-207	[]
PA14_21240		PA3307	most stable	0.7135766784114441	0.0	[]
PA14_72970	tonB	PA5531	most stable	0.5102019032793881	0.0	[]
PA14_53250	cpbD	PA0852	most stable	0.6862586502037538	0.0	[]
PA14_44080		PA1579		0.4862857017612001	1.37777923e-315	[]
PA14_41510	nasA	PA1783	most stable	0.6456853706902446	0.0	['KEGG-Pathway-pae00910: Nitrogen metabolism']
PA14_32220	catB	PA2509	most stable	0.6100637129709521	0.0	['KEGG-Pathway-pae00364: Fluorobenzoate degradation', 'KEGG-Pathway-pae00362: Benzoate degradation', 'KEGG-Pathway-pae00361: Chlorocyclohexane and chlorobenzene degradation', 'KEGG-Pathway-pae01220: Degradation of aromatic compounds', 'KEGG-Module-M00568: Catechol ortho-cleavage, catechol => 3-oxoadipate']
PA14_34780		PA2308	most stable	0.6386180339560438	0.0	['KEGG-Module-M00188: NitT/TauT family transport system']
PA14_17940	glpR	PA3583	least stable	0.032360254642086035	0.017953648787049213	[]	No accessory genes
PA14_33750		PA2391	most stable	0.676986878074913	0.0	[]
PA14_08060		PA0621	most stable	0.5854976425584045	0.0	[]
PA14_05740		PA0439		0.2384381868215361	5.130742397455568e-70	['KEGG-Pathway-pae00770: Pantothenate and CoA biosynthesis', 'KEGG-Pathway-pae00240: Pyrimidine metabolism', 'KEGG-Pathway-pae00410: beta-Alanine metabolism']
PA14_58570		PA4514		0.44053760463236974	8.345608495118816e-253	[]
PA14_23590		PA3133		0.29613833157838176	1.0380839542072512e-108	[]
PA14_09350		PA4220	most stable	0.7420856564378112	0.0	[]
PA14_56570		PA4351	most stable	0.5017195478586811	0.0	['KEGG-Pathway-pae00561: Glycerolipid metabolism', 'KEGG-Pathway-pae00564: Glycerophospholipid metabolism']
PA14_37780		PA2066	most stable	0.7812860567419357	0.0	[]
PA14_29750		PA2655		0.2728797731808161	5.902733753182899e-92	[]
PA14_32400	mexE	PA2493		0.3090458778510147	1.0356698389990883e-118	[]
PA14_39650		PA1922	most stable	0.5394861242558947	0.0	[]
PA14_02420		PA0193		0.4170608902172396	3.8869556693608885e-224	['KEGG-Pathway-pae00920: Sulfur metabolism', 'KEGG-Pathway-pae00430: Taurine and hypotaurine metabolism']
PA14_08140		PA0627		0.3729763457327069	3.7931497317350354e-176	[]
PA14_55780		PA4293	most stable	0.8144786246667678	0.0	[]
PA14_20890	rfaD	PA3337	most stable	0.6413128219341193	0.0	['KEGG-Pathway-pae00540: Lipopolysaccharide biosynthesis']
PA14_54180		PA0781		0.279306198406943	2.002502169498418e-96	[]
PA14_48590		PA1216		0.4401912161385514	2.296939685853325e-252	[]
PA14_45010		PA1501		0.27084992044701034	1.438060814981718e-90	['KEGG-Pathway-pae00630: Glyoxylate and dicarboxylate metabolism']
PA14_37310		PA2110		0.35427231165291084	6.312634651656675e-158	[]
PA14_63570	fdnI	PA4810		0.4051236641638028	2.0579851019044373e-210	['KEGG-Pathway-pae00630: Glyoxylate and dicarboxylate metabolism', 'KEGG-Pathway-pae00680: Methane metabolism']
PA14_33910		PA2377	most stable	0.5286476332314822	0.0	[]
PA14_51610		PA0980		0.25562572701976183	1.5162376551402324e-80	[]
PA14_18410	algF	PA3550		0.3993208111076426	6.09133282282673e-204	[]
PA14_25195	nagZ	PA3005		0.476823686180523	8.337810115965934e-302	['KEGG-Pathway-pae00520: Amino sugar and nucleotide sugar metabolism', 'KEGG-Pathway-pae00312: beta-Lactam resistance']
PA14_31360		PA2565	most stable	0.7410695587535371	0.0	[]
PA14_47450		PA1295	least stable	0.12217033951335834	3.0794295406172554e-19	[]	No accessory genes
PA14_36740		PA2151	most stable	0.6032167318851054	0.0	['KEGG-Pathway-pae00500: Starch and sucrose metabolism']
PA14_72510	thrB	PA5495	most stable	0.5845333025832118	0.0	['KEGG-Pathway-pae00260: Glycine, serine and threonine metabolism', 'KEGG-Module-M00018: Threonine biosynthesis, aspartate => homoserine => threonine']
PA14_56840		PA4371	most stable	0.5342255454547276	0.0	[]
PA14_46160		PA1414	most stable	0.5019972924674759	0.0	[]
PA14_21530		PA3287		0.3566136149269601	3.8529787010014e-160	[]
PA14_13110		PA3924	most stable	0.7266653305476666	0.0	[]
PA14_73040	amiA	PA5538	most stable	0.6318166150965168	0.0	[]
PA14_40110		PA1887	most stable	0.7176644707435486	0.0	[]
PA14_31290	pa1L	PA2570	most stable	0.5848402572577904	0.0	[]
PA14_56030		PA4311	most stable	0.7535356269890964	0.0	[]
PA14_48140		PA1245	most stable	0.7340692307071534	0.0	[]
PA14_48600		PA1215		0.3762626759382451	1.779161062794598e-179	[]
PA14_26130	morB	PA2932		0.4882506517784224	1.668504e-318	[]
PA14_45050	pykF	PA1498		0.4809156814663729	1.0329398967969502e-307	['KEGG-Pathway-pae00230: Purine metabolism', 'KEGG-Pathway-pae00620: Pyruvate metabolism', 'KEGG-Pathway-pae00010: Glycolysis / Gluconeogenesis', 'KEGG-Module-M00049: Adenine ribonucleotide biosynthesis, IMP => ADP,ATP', 'KEGG-Module-M00050: Guanine ribonucleotide biosynthesis IMP => GDP,GTP', 'KEGG-Module-M00002: Glycolysis, core module involving three-carbon compounds']
PA14_59620		PA2222		0.2253732974685232	1.476113024957321e-62	[]
PA14_20180	nosF	PA3394	most stable	0.5205757844972446	0.0	['KEGG-Module-M00254: ABC-2 type transport system']
PA14_42150		PA1731	most stable	0.7171674652811365	0.0	[]
PA14_24760		PA3041	most stable	0.7326262451562259	0.0	[]
PA14_68710		PA5201	most stable	0.8739612714388492	0.0	[]
PA14_54150	putP	PA0783	most stable	0.7902357189763699	0.0	[]
PA14_29020	cpo	PA2717	most stable	0.8228238868324351	0.0	[]
PA14_38490	gnyL	PA2011	most stable	0.653346266775654	0.0	['KEGG-Pathway-pae00072: Synthesis and degradation of ketone bodies', 'KEGG-Pathway-pae00280: Valine, leucine and isoleucine degradation', 'KEGG-Pathway-pae00281: Geraniol degradation', 'KEGG-Pathway-pae00650: Butanoate metabolism', 'KEGG-Module-M00036: Leucine degradation, leucine => acetoacetate + acetyl-CoA']
PA14_43290		PA1641	most stable	0.779792242231938	0.0	[]
PA14_64950	pncA	PA4918	most stable	0.5331141859135387	0.0	['KEGG-Pathway-pae00760: Nicotinate and nicotinamide metabolism']
PA14_13660	tpbA	PA3885	most stable	0.54796840610524	0.0	[]
PA14_60190	clpB	PA4542		0.37789352540351895	3.836254684379671e-181	[]
PA14_08090		PA0623	most stable	0.5748152884831591	0.0	[]
PA14_57940	rpoN	PA4462		0.3629211897908761	3.358726909137922e-166	[]
PA14_38360		PA2022	most stable	0.6767105362397792	0.0	['KEGG-Pathway-pae00040: Pentose and glucuronate interconversions', 'KEGG-Pathway-pae00500: Starch and sucrose metabolism', 'KEGG-Pathway-pae00520: Amino sugar and nucleotide sugar metabolism']
PA14_08300		PA0641	most stable	0.5388491224984825	0.0	[]
PA14_21960		PA3250	most stable	0.7959836680366399	0.0	['KEGG-Module-M00193: Putative spermidine/putrescine transport system']
PA14_63800	mgtA	PA4825		0.3019241204424045	3.948587405907017e-113	[]
PA14_42940	lip2.1	PA1666	most stable	0.7134171407863854	0.0	['KEGG-Pathway-pae03070: Bacterial secretion system', 'KEGG-Module-M00334: Type VI secretion system']
PA14_36590		PA2163	most stable	0.5984147931991822	0.0	['KEGG-Pathway-pae00500: Starch and sucrose metabolism']
PA14_24860	snr1	PA3032	most stable	0.6739805352511601	0.0	[]
PA14_20240		PA3389		0.4767765290302242	9.742214970417157e-302	[]
PA14_64220	purD	PA4855	most stable	0.8517120945576211	0.0	['KEGG-Pathway-pae00230: Purine metabolism', 'KEGG-Module-M00048: Inosine monophosphate biosynthesis, PRPP + glutamine => IMP']
PA14_58030	fumC	PA4470	most stable	0.7614881857477812	0.0	['KEGG-Pathway-pae00020: Citrate cycle (TCA cycle)', 'KEGG-Pathway-pae00620: Pyruvate metabolism', 'KEGG-Module-M00009: Citrate cycle (TCA cycle, Krebs cycle)', 'KEGG-Module-M00011: Citrate cycle, second carbon oxidation, 2-oxoglutarate => oxaloacetate']
PA14_13450		PA3900	most stable	0.6812955117616996	0.0	[]
PA14_56540		PA4348	most stable	0.702029700763683	0.0	[]
PA14_68400		PA5178	most stable	0.5931024777471545	0.0	[]
PA14_44840		PA1516	most stable	0.7484121396899035	0.0	[]
PA14_17900	metR	PA3587	most stable	0.5421880908913047	0.0	[]
PA14_37745		PA2069	most stable	0.7938653938002821	0.0	[]
PA14_65810		PA4978	most stable	0.6713675524014922	0.0	[]
PA14_19590		PA3441		0.380246602177765	1.454615107456296e-183	[]
PA14_07650		PA0586	most stable	0.7301570463773841	0.0	[]
PA14_19110	rhlB	PA3478	most stable	0.7591197013502455	0.0	[]
PA14_56830	icmP	PA4370	most stable	0.5665278836755796	0.0	[]
PA14_55540		PA0676		0.3715009378265761	1.1506026948848555e-174	[]
PA14_53470		PA0836	most stable	0.6367848243134723	0.0	['KEGG-Pathway-pae00620: Pyruvate metabolism', 'KEGG-Pathway-pae00430: Taurine and hypotaurine metabolism', 'KEGG-Pathway-pae00680: Methane metabolism', 'KEGG-Pathway-pae00640: Propanoate metabolism']
PA14_37790	pcoA	PA2065	least stable	-0.07214116609103029	1.2824677776234078e-07	[]	['PA14_51200']
PA14_14360		PA3839	most stable	0.5028136058126622	0.0	[]
PA14_43760		PA1604		0.4344758550151223	3.4878490557723975e-245	[]
PA14_49220	napF	PA1176	most stable	0.8042494559485956	0.0	[]
PA14_44470	hemN	PA1546	most stable	0.5901119500327381	0.0	['KEGG-Pathway-pae00860: Porphyrin and chlorophyll metabolism']
PA14_29650		PA2663		0.3865664978664475	3.632631018755184e-190	[]
PA14_19730		PA3427	most stable	0.6472030155471354	0.0	[]
PA14_13000		PA3932	most stable	0.6582521134710307	0.0	[]
PA14_49130	dctA	PA1183	most stable	0.5490633402268189	0.0	[]
PA14_13130		PA3923	most stable	0.7428992475582046	0.0	[]
PA14_10500		PA4133	most stable	0.6501111023976303	0.0	['KEGG-Pathway-pae00190: Oxidative phosphorylation', 'KEGG-Module-M00156: Cytochrome c oxidase, cbb3-type']
PA14_32710		PA2468	most stable	0.6651391401947679	0.0	[]
PA14_24630		PA3051	most stable	0.527130421898053	0.0	[]
PA14_10290	acoR	PA4147	most stable	0.7392558229165406	0.0	[]
PA14_50880		PA1041	most stable	0.8120938223959762	0.0	[]
PA14_18810		PA3519		0.3033160375669029	3.2952946839928476e-114	[]
PA14_44300	aer	PA1561		0.3923580510353083	2.4012919124184607e-196	['KEGG-Pathway-pae02030: Bacterial chemotaxis']
PA14_30460		PA2600	most stable	0.5912736144772356	0.0	['KEGG-Pathway-pae00920: Sulfur metabolism']
PA14_20390	phnJ	PA3377	most stable	0.60073960074138	0.0	['KEGG-Pathway-pae00440: Phosphonate and phosphinate metabolism']
PA14_61050	mscL	PA4614	most stable	0.6386105546793476	0.0	[]
PA14_20590	amiR	PA3363	most stable	0.500081472386401	0.0	[]
PA14_46240		PA1408	most stable	0.5990921085146942	0.0	[]
PA14_06420		PA0492		0.39734885635089295	9.00589414855752e-202	[]
PA14_02020		PA0162	most stable	0.706860198600235	0.0	[]
PA14_05230		PA0400	most stable	0.5858668349159839	0.0	['KEGG-Pathway-pae00260: Glycine, serine and threonine metabolism', 'KEGG-Pathway-pae00270: Cysteine and methionine metabolism', 'KEGG-Pathway-pae00450: Selenocompound metabolism']
PA14_41530	nirB	PA1781	most stable	0.6644981544542596	0.0	['KEGG-Pathway-pae00910: Nitrogen metabolism', 'KEGG-Module-M00530: Dissimilatory nitrate reduction, nitrate => ammonia']
PA14_20980		PA3330	most stable	0.6020824283295133	0.0	[]
PA14_09950		PA4170		0.4222185849318452	3.055374616986796e-230	[]
PA14_49050		PA1190	most stable	0.7018957736058239	0.0	[]
PA14_47930		PA1259	most stable	0.8590194175015097	0.0	[]
PA14_19690		PA3431	least stable	0.12771647762845287	6.84294191692374e-21	[]	No accessory genes
PA14_06660	nirE	PA0510	most stable	0.6252510487176451	0.0	['KEGG-Pathway-pae00860: Porphyrin and chlorophyll metabolism']
PA14_39050	braZ	PA1971	most stable	0.6944013143708576	0.0	[]
PA14_05060		PA0388		0.4357208948543957	9.770034167704579e-247	[]
PA14_48240		PA1238	most stable	0.7213211221780631	0.0	[]
PA14_04330		PA0332		0.3006018387348971	4.126061087654566e-112	[]
PA14_06790		PA0521	most stable	0.5703953186851406	0.0	[]
PA14_34050	hsiC3	PA2366	most stable	0.7263491539380204	0.0	['KEGG-Module-M00334: Type VI secretion system']
PA14_68280		PA5168		0.22618158108842665	5.261607507252586e-63	[]
PA14_09530	mexH	PA4206	most stable	0.7694115700494051	0.0	['KEGG-Module-M00644: Multidrug resistance, efflux pump MexHI-OprD']
PA14_49410		PA1159		0.4951164732348848	0.0	[]
PA14_73030		PA5537		0.4277850638730829	5.967445782137919e-237	[]
PA14_13580		PA3891	most stable	0.6192492191944334	0.0	[]
PA14_58350	dppA1	PA4496	most stable	0.66340045345664	0.0	['KEGG-Pathway-pae02030: Bacterial chemotaxis', 'KEGG-Module-M00324: Dipeptide transport system']
PA14_68330	arcA	PA5171	most stable	0.6138828031480615	0.0	['KEGG-Pathway-pae00330: Arginine and proline metabolism']
PA14_60890	glyA	PA4602	most stable	0.8235283453076153	0.0	['KEGG-Pathway-pae00260: Glycine, serine and threonine metabolism', 'KEGG-Pathway-pae00670: One carbon pool by folate', 'KEGG-Pathway-pae00630: Glyoxylate and dicarboxylate metabolism', 'KEGG-Pathway-pae00680: Methane metabolism', 'KEGG-Pathway-pae00460: Cyanoamino acid metabolism']
PA14_47120		PA1324	most stable	0.7533834938355445	0.0	[]
PA14_39660		PA1921	most stable	0.5202735006021442	0.0	[]
PA14_18040		PA3577	most stable	0.5392926481425023	0.0	[]
PA14_72840		PA5521		0.4820165736341029	2.576977941989135e-309	[]
PA14_16630		PA3692	most stable	0.7314239403236333	0.0	[]
PA14_37810	pcoB	PA2064	least stable	-0.10290903784149816	4.5571318820655746e-14	[]	['PA14_51200']
PA14_32950		PA2448	most stable	0.8227423704982371	0.0	[]
PA14_58330		PA4495	most stable	0.5215039886094579	0.0	[]
PA14_47030		PA1332		0.2238804891744912	9.815042669341803e-62	[]
PA14_67130		PA5082		0.3825868771941258	5.4304085336519e-186	['KEGG-Module-M00230: Glutamate/aspartate transport system']
PA14_30090		PA2631		0.2498673498058873	6.314072864014875e-77	[]
PA14_36570	glgA	PA2165	most stable	0.6978373102690183	0.0	['KEGG-Pathway-pae00500: Starch and sucrose metabolism']
PA14_42950	fha2	PA1665	most stable	0.6653807147211206	0.0	[]
PA14_26870		PA2878	most stable	0.7463438221113858	0.0	[]
PA14_55900		PA4303	most stable	0.7733325137419571	0.0	[]
PA14_50010		PA1112	most stable	0.7041656606050889	0.0	[]
PA14_10340		PA4143	most stable	0.7203824903931508	0.0	[]
PA14_26190		PA2927	most stable	0.7910831225755299	0.0	[]
PA14_04240		PA0325	most stable	0.7934106553958347	0.0	['KEGG-Module-M00299: Spermidine/putrescine transport system']
PA14_16410		PA3709	most stable	0.6483319823871617	0.0	[]
PA14_63120		PA4774		0.31304903205892376	6.441902492440515e-122	['KEGG-Pathway-pae00480: Glutathione metabolism', 'KEGG-Pathway-pae00270: Cysteine and methionine metabolism', 'KEGG-Pathway-pae00330: Arginine and proline metabolism', 'KEGG-Pathway-pae00410: beta-Alanine metabolism', 'KEGG-Module-M00034: Methionine salvage pathway']
PA14_29320		PA2691		0.23086222012809146	1.2360534907643779e-65	['KEGG-Pathway-pae00190: Oxidative phosphorylation']
PA14_52230		PA0931	most stable	0.5007558473066837	0.0	[]
PA14_30100		PA2630	most stable	0.7016694882204368	0.0	[]
PA14_13300		PA3912		0.2774359751890007	4.118563345668434e-95	[]
PA14_68800		PA5208	most stable	0.5052937983694085	0.0	[]
PA14_38260		PA2031	most stable	0.779088671963055	0.0	[]
PA14_28500		PA2753	most stable	0.6385367088309292	0.0	[]
PA14_36650		PA2159	most stable	0.664374575324937	0.0	[]
PA14_57020	groES	PA4386	most stable	0.5819978623031803	0.0	[]
PA14_07680		PA0588	most stable	0.7315493352050944	0.0	[]
PA14_08210		PA0633		0.4669956965402872	6.078454759498885e-288	[]
PA14_34030	hcp3	PA2367	most stable	0.6693249201255312	0.0	['KEGG-Pathway-pae03070: Bacterial secretion system', 'KEGG-Module-M00334: Type VI secretion system']
PA14_57110		PA4394		0.25134553886059985	7.586712814766671e-78	[]
PA14_32240	catA	PA2507	most stable	0.5184667846781119	0.0	['KEGG-Pathway-pae00364: Fluorobenzoate degradation', 'KEGG-Pathway-pae00362: Benzoate degradation', 'KEGG-Pathway-pae00361: Chlorocyclohexane and chlorobenzene degradation', 'KEGG-Pathway-pae01220: Degradation of aromatic compounds', 'KEGG-Module-M00568: Catechol ortho-cleavage, catechol => 3-oxoadipate']
PA14_05890		PA0452	most stable	0.694649277643448	0.0	[]
PA14_40010		PA1896		0.4103960342520984	2.09383484766662e-216	[]
PA14_60810		PA4596		0.30869526928033003	1.9663269194190193e-118	[]
PA14_61540		PA4652	most stable	0.8109163722500384	0.0	[]
PA14_13470		PA3898	least stable	0.19572969529430484	2.4941287997194317e-47	[]	['PA14_39700']
PA14_20010	hasR	PA3408	most stable	0.6063793785611343	0.0	[]
PA14_09520	mexI	PA4207	most stable	0.6477138620127361	0.0	['KEGG-Module-M00644: Multidrug resistance, efflux pump MexHI-OprD']
PA14_11620		PA4037	most stable	0.5442885805712491	0.0	['KEGG-Module-M00254: ABC-2 type transport system']
PA14_06940		PA0532		0.21571228108475984	2.4428901466301396e-57	[]
PA14_46080		PA1420	least stable	0.1769210239228067	7.419753038751245e-39	[]	['PA14_15570']
PA14_68780		PA5207		0.4469546576622693	4.817032481475283e-261	[]
PA14_58630		PA4519	most stable	0.5115120543708412	0.0	['KEGG-Pathway-pae00480: Glutathione metabolism', 'KEGG-Pathway-pae00330: Arginine and proline metabolism']
PA14_32190		PA2511	most stable	0.6527585792013892	0.0	[]
PA14_34460		PA2331	most stable	0.6768306476636405	0.0	[]
PA14_56480		PA4344	most stable	0.6831963810640097	0.0	['KEGG-Pathway-pae00360: Phenylalanine metabolism']
PA14_33480	sndH	PA2414	most stable	0.7518070806873778	0.0	[]
PA14_38270		PA2030	most stable	0.6577008951418378	0.0	[]
PA14_36760		PA2150	most stable	0.6447224251878303	0.0	[]
PA14_09550		PA4204	most stable	0.5523035046079953	0.0	[]
PA14_67560	typA	PA5117	most stable	0.8661044255491871	0.0	[]
PA14_64480	osmE	PA4876	most stable	0.7125671853699496	0.0	[]
PA14_13250	moaE	PA3916	least stable	0.1414805184679256	2.5750995722691102e-25	['KEGG-Pathway-pae04122: Sulfur relay system', 'KEGG-Pathway-pae00790: Folate biosynthesis']	['PA14_33360']
PA14_19370		PA3459	most stable	0.5814866289053638	0.0	['KEGG-Pathway-pae00250: Alanine, aspartate and glutamate metabolism']
PA14_18820		PA3518		0.33474501031006826	3.544229774247402e-140	[]
PA14_08940	rpsQ	PA4254	most stable	0.7996149362759121	0.0	['KEGG-Pathway-pae03010: Ribosome', 'KEGG-Module-M00178: Ribosome, bacteria']
PA14_32310		PA2501		0.3792730420606273	1.468611119288444e-182	[]
PA14_13770	narK2	PA3876	most stable	0.5145604338310545	0.0	['KEGG-Pathway-pae00910: Nitrogen metabolism']
PA14_64610		PA4888	most stable	0.8011355442831318	0.0	[]
PA14_63080	lldP	PA4770		0.4194389708707396	6.1410836068620935e-227	[]
PA14_67500	gloA3	PA5111	least stable	0.06503736693591362	1.934853829950968e-06	['KEGG-Pathway-pae00620: Pyruvate metabolism']	No accessory genes
PA14_54520		PA0755		0.4262155061446889	4.790599826113627e-235	[]
PA14_02050		PA0164	most stable	0.7035745885015897	0.0	['KEGG-Pathway-pae00480: Glutathione metabolism', 'KEGG-Pathway-pae00590: Arachidonic acid metabolism', 'KEGG-Pathway-pae00430: Taurine and hypotaurine metabolism', 'KEGG-Pathway-pae00460: Cyanoamino acid metabolism']
PA14_33700	pvdF	PA2396	most stable	0.6355162498135051	0.0	[]
PA14_36530		PA2169	most stable	0.6446209004208319	0.0	[]
PA14_56590		PA4352	most stable	0.6031273567977614	0.0	[]
PA14_48100	aprE	PA1247	most stable	0.7424044484607225	0.0	['KEGG-Module-M00328: Hemophore/metalloprotease transport system']
PA14_51480		PA0991		0.3295313928130522	1.1892796554410905e-135	[]
PA14_08040		PA0619		0.4945201947047101	0.0	[]
PA14_53220	fumC2	PA0854	most stable	0.7527955735630937	0.0	['KEGG-Pathway-pae00020: Citrate cycle (TCA cycle)', 'KEGG-Pathway-pae00620: Pyruvate metabolism', 'KEGG-Module-M00009: Citrate cycle (TCA cycle, Krebs cycle)', 'KEGG-Module-M00011: Citrate cycle, second carbon oxidation, 2-oxoglutarate => oxaloacetate']
PA14_10260		PA4150	most stable	0.5674653498849248	0.0	['KEGG-Pathway-pae00020: Citrate cycle (TCA cycle)', 'KEGG-Pathway-pae00620: Pyruvate metabolism', 'KEGG-Pathway-pae00010: Glycolysis / Gluconeogenesis', 'KEGG-Module-M00307: Pyruvate oxidation, pyruvate => acetyl-CoA']
PA14_51490		PA0990	most stable	0.5181765135002243	0.0	[]
PA14_73010		PA5535		0.2695791447405647	1.046766021524192e-89	[]
PA14_33710	pvdO	PA2395	most stable	0.6222532098977436	0.0	[]
PA14_10350		PA4142	most stable	0.7363821745326494	0.0	[]
PA14_19530		PA3446		0.2402982579631655	4.0762491494575804e-71	['KEGG-Pathway-pae00920: Sulfur metabolism', 'KEGG-Pathway-pae00740: Riboflavin metabolism']
PA14_58000	sodM	PA4468	most stable	0.7463554353439178	0.0	[]
PA14_36580		PA2164	most stable	0.654890550267674	0.0	['KEGG-Pathway-pae00500: Starch and sucrose metabolism']
PA14_55890		PA4302	most stable	0.7249287216597905	0.0	[]
PA14_36770		PA2149	most stable	0.5898930483813025	0.0	[]
PA14_40060		PA1891	most stable	0.6551483328389173	0.0	[]
PA14_68850	gcvP1	PA5213	most stable	0.8164685438517268	0.0	['KEGG-Pathway-pae00260: Glycine, serine and threonine metabolism']
PA14_06010		PA0460	most stable	0.7388584727427163	0.0	[]
PA14_69190	rho	PA5239	most stable	0.7602564340857816	0.0	['KEGG-Pathway-pae03018: RNA degradation']
PA14_64470		PA4875	most stable	0.6599718120313219	0.0	[]
PA14_35530	bkdA1	PA2247	most stable	0.6384905100708813	0.0	['KEGG-Pathway-pae00280: Valine, leucine and isoleucine degradation', 'KEGG-Module-M00036: Leucine degradation, leucine => acetoacetate + acetyl-CoA']
PA14_28130		PA2780		0.3540691163293274	9.806402427420704e-158	[]
PA14_09220	pchB	PA4230	most stable	0.6457744515506387	0.0	['KEGG-Pathway-pae01053: Biosynthesis of siderophore group nonribosomal peptides']
PA14_33160		PA2433	most stable	0.6640755122923405	0.0	[]
PA14_70670	glcF	PA5353	most stable	0.7285535165548072	0.0	['KEGG-Pathway-pae00630: Glyoxylate and dicarboxylate metabolism']
PA14_53230		PA0853	most stable	0.7138881270126597	0.0	[]
PA14_23030	oprB	PA3186	most stable	0.612108353948698	0.0	[]
PA14_10270		PA4149	most stable	0.6220078603717434	0.0	[]
PA14_00570		PA0045	most stable	0.8511346471138249	0.0	[]
PA14_38800	pqqC	PA1987	most stable	0.5434601873977432	0.0	[]
PA14_40030		PA1894		0.37686041336753795	4.37112553371306e-180	[]
PA14_34870	chiC	PA2300	most stable	0.7580712256669103	0.0	[]
PA14_20400	phnK	PA3376	most stable	0.5776070971766263	0.0	[]
PA14_09240	pchD	PA4228	most stable	0.6365932666996229	0.0	['KEGG-Pathway-pae01053: Biosynthesis of siderophore group nonribosomal peptides']
PA14_16990		PA3662		0.4961658383466952	0.0	[]
PA14_61500		PA4648	most stable	0.7662329884004568	0.0	[]
PA14_69070		PA5231		0.4950495921475017	0.0	[]
PA14_68040		PA5150	most stable	0.6530011037983251	0.0	[]
PA14_10490		PA4134	most stable	0.6650712709275233	0.0	[]
PA14_45960	lasR	PA1430	most stable	0.7697064956734689	0.0	['KEGG-Module-M00644: Multidrug resistance, efflux pump MexHI-OprD']
PA14_54170	putA	PA0782	most stable	0.8179024346093683	0.0	['KEGG-Pathway-pae00330: Arginine and proline metabolism', 'KEGG-Pathway-pae00250: Alanine, aspartate and glutamate metabolism']
PA14_53190	bolA	PA0857		0.464463099514461	1.9194603005805887e-284	[]
PA14_53950	prpC	PA0795	most stable	0.6724968924995975	0.0	['KEGG-Pathway-pae00640: Propanoate metabolism']
PA14_66790	hslU	PA5054	most stable	0.5687599465841053	0.0	[]
PA14_61150		PA4621	most stable	0.5459617142372233	0.0	[]
PA14_34720		PA2313	most stable	0.5413342137857273	0.0	[]
PA14_63330		PA4792		0.2665698316734404	1.103368675381844e-87	['KEGG-Pathway-pae00564: Glycerophospholipid metabolism']
PA14_24650	rmf	PA3049	most stable	0.7451280081622502	0.0	[]
PA14_13320		PA3911		0.3024049981921914	1.676865189378602e-113	[]
PA14_64620		PA4889	most stable	0.7166445027783062	0.0	[]
PA14_20560	amiE	PA3366		0.43911700362242995	5.265773521646333e-251	['KEGG-Pathway-pae00380: Tryptophan metabolism', 'KEGG-Pathway-pae00360: Phenylalanine metabolism', 'KEGG-Pathway-pae00330: Arginine and proline metabolism', 'KEGG-Pathway-pae00627: Aminobenzoate degradation', 'KEGG-Pathway-pae00643: Styrene degradation']
PA14_28600		PA2747	most stable	0.6054154961335313	0.0	[]
PA14_34510		PA2328	most stable	0.6900290375800752	0.0	['KEGG-Module-M00188: NitT/TauT family transport system']
PA14_04270		PA0327		0.3021778703203705	2.5134057532758733e-113	[]
PA14_06990		PA0537		0.24467712694649776	9.619786353854274e-74	[]
PA14_06890		PA0529		0.3361796129209944	1.943730960564644e-141	[]
PA14_38630	atoB	PA2001	most stable	0.7208308870327983	0.0	['KEGG-Pathway-pae00072: Synthesis and degradation of ketone bodies', 'KEGG-Pathway-pae00071: Fatty acid degradation', 'KEGG-Pathway-pae00380: Tryptophan metabolism', 'KEGG-Pathway-pae00900: Terpenoid backbone biosynthesis', 'KEGG-Pathway-pae00362: Benzoate degradation', 'KEGG-Pathway-pae00280: Valine, leucine and isoleucine degradation', 'KEGG-Pathway-pae00620: Pyruvate metabolism', 'KEGG-Pathway-pae00630: Glyoxylate and dicarboxylate metabolism', 'KEGG-Pathway-pae00310: Lysine degradation', 'KEGG-Pathway-pae00640: Propanoate metabolism', 'KEGG-Pathway-pae01212: Fatty acid metabolism', 'KEGG-Pathway-pae00650: Butanoate metabolism']
PA14_55840		PA4298	most stable	0.6680140830231099	0.0	[]
PA14_42340	pscD	PA1717	most stable	0.5693291548200093	0.0	['KEGG-Module-M00332: Type III secretion system']
PA14_24880		PA3031		0.4648202596084048	6.186781666196354e-285	[]
PA14_36900		PA2170		0.4646531302586998	1.051066714096081e-284
PA14_50770		PA1051		0.4018236593648798	1.0218912576497873e-206	[]
PA14_40050		PA1892		0.31747706967701217	1.5998713223184519e-125	[]
PA14_24510	pelD	PA3061	most stable	0.5504107300212778	0.0	[]
PA14_23370	orfK	PA3148	most stable	0.6837613835976037	0.0	['KEGG-Pathway-pae00520: Amino sugar and nucleotide sugar metabolism']
PA14_00630		PA0050	most stable	0.5807986420853901	0.0	[]
PA14_61040	katB	PA4613		0.2395098917571549	1.1956682227107606e-70	['KEGG-Pathway-pae00380: Tryptophan metabolism', 'KEGG-Pathway-pae00630: Glyoxylate and dicarboxylate metabolism']
PA14_54000	prpD	PA0792	most stable	0.6930750933750995	0.0	['KEGG-Pathway-pae00640: Propanoate metabolism']
PA14_33500	pvdH	PA2413	most stable	0.5813553869930469	0.0	['KEGG-Pathway-pae00260: Glycine, serine and threonine metabolism', 'KEGG-Pathway-pae01210: 2-Oxocarboxylic acid metabolism']
PA14_45020		PA1500		0.3077707115892768	1.0618456506260502e-117	['KEGG-Pathway-pae00630: Glyoxylate and dicarboxylate metabolism']
PA14_06860		PA0526		0.3062571945714766	1.6569545149226958e-116	[]
PA14_07550		PA0578	most stable	0.8533712310669681	0.0	[]
PA14_42350	pscC	PA1716	most stable	0.5310291956570021	0.0	['KEGG-Pathway-pae03070: Bacterial secretion system', 'KEGG-Module-M00332: Type III secretion system']
PA14_22590		PA3219	most stable	0.6063761854697037	0.0	[]
PA14_42300	pscG	PA1720		0.4929624286563147	0.0	[]
PA14_32530		PA2482	least stable	0.09912793735290724	3.7184390708238093e-13	[]	No accessory genes
PA14_58120	mreD	PA4479	most stable	0.852765603786296	0.0	[]
PA14_06480		PA0496	least stable	0.16930456273797695	1.109477954277596e-35	[]	No accessory genes
PA14_38180		PA2037		0.4047747518961039	5.083973793186051e-210	[]
PA14_54660		PA0744	most stable	0.7405321565503936	0.0	[]
PA14_56520		PA4346		0.4487367995133102	2.3073662379546584e-263	[]
PA14_23000		PA3188	most stable	0.5395231262259368	0.0	[]
PA14_17350		PA3632	most stable	0.6290865289726515	0.0	[]
PA14_68450		PA5182		0.4343049353528095	5.691150366178948e-245	[]
PA14_13230	moaC	PA3918	least stable	0.19268323069892365	6.778737340042727e-46	['KEGG-Pathway-pae04122: Sulfur relay system', 'KEGG-Pathway-pae00790: Folate biosynthesis']	['PA14_39700']
PA14_08870	rplW	PA4261	most stable	0.8314735136593953	0.0	['KEGG-Pathway-pae03010: Ribosome', 'KEGG-Module-M00178: Ribosome, bacteria']
PA14_08030		PA0618	most stable	0.6503256485379577	0.0	[]
PA14_05770	dhT	PA0441		0.36411474165378266	2.312151413141016e-167	['KEGG-Pathway-pae00770: Pantothenate and CoA biosynthesis', 'KEGG-Pathway-pae00240: Pyrimidine metabolism', 'KEGG-Pathway-pae00410: beta-Alanine metabolism']
PA14_46770		PA1354	most stable	0.777446877764037	0.0	[]
PA14_44360		PA1555	most stable	0.6501231352978758	0.0	['KEGG-Pathway-pae00190: Oxidative phosphorylation', 'KEGG-Module-M00156: Cytochrome c oxidase, cbb3-type']
PA14_18670	bfrB	PA3531	most stable	0.5377408472996328	0.0	[]
PA14_57710	cysN	PA4442	most stable	0.7201868286382984	0.0	['KEGG-Pathway-pae00920: Sulfur metabolism', 'KEGG-Pathway-pae00450: Selenocompound metabolism', 'KEGG-Pathway-pae00230: Purine metabolism', 'KEGG-Module-M00616: Sulfate-sulfur assimilation', 'KEGG-Module-M00176: Assimilatory sulfate reduction, sulfate => H2S']
PA14_69950		PA5299		0.3284632840662399	9.808162378054545e-135	[]
PA14_18370		PA3552		0.4633304190888213	6.897811686629212e-283	['KEGG-Pathway-pae00520: Amino sugar and nucleotide sugar metabolism']
PA14_59220		PA0985	most stable	0.5221576991228634	0.0	[]
PA14_28170		PA2777	most stable	0.5785353115877269	0.0	[]
PA14_61820		PA4673	most stable	0.825217645948787	0.0	[]
PA14_36630		PA2160	most stable	0.7340242346226528	0.0	['KEGG-Pathway-pae00500: Starch and sucrose metabolism']
PA14_22320		PA3237		0.3678023701614096	5.519459876127074e-171	[]
PA14_13430	fecA	PA3901	least stable	0.13165437966009844	4.133907029029407e-22	[]	['PA14_15660']
PA14_16280		PA3721		0.4388318808080928	1.2069774830519366e-250	['KEGG-Pathway-pae00312: beta-Lactam resistance']
PA14_72650		PA5506	most stable	0.6187045497326742	0.0	[]
PA14_09280	pchF	PA4225	most stable	0.7541557094395953	0.0	['KEGG-Pathway-pae01053: Biosynthesis of siderophore group nonribosomal peptides']
PA14_33680	fpvA	PA2398		0.4836042582706501	1.2273927585006e-311	[]
PA14_53890		PA0800	most stable	0.6809462915378621	0.0	[]
PA14_07430		PA0572	most stable	0.6977907187200176	0.0	[]
PA14_72660		PA5507	most stable	0.6975935575894927	0.0	[]
PA14_63750		PA4822		0.4109350773225937	5.03685145984307e-217	[]
PA14_58010		PA4469	most stable	0.7610780201869268	0.0	[]
PA14_33510		PA2412	most stable	0.6646027874337334	0.0	[]
PA14_14340		PA3840		0.44320341912828176	3.3144654621158323e-256	[]
PA14_36810	katE	PA2147	most stable	0.5309648728323701	0.0	['KEGG-Pathway-pae00380: Tryptophan metabolism', 'KEGG-Pathway-pae00630: Glyoxylate and dicarboxylate metabolism']
PA14_16370		PA3712		0.43891621553280397	9.444584040309224e-251	[]
PA14_02790	pcaF	PA0228	most stable	0.6474905171970441	0.0	['KEGG-Pathway-pae00362: Benzoate degradation']
PA14_06230		PA0476		0.3328399751119673	1.634835047468663e-138	[]
PA14_09380		PA4218	most stable	0.7222801424841206	0.0	[]
PA14_63920		PA4835		0.4738448719998051	1.4818022328364239e-297	[]
PA14_12920		PA3938		0.4778221353475885	3.070126132063082e-303	['KEGG-Pathway-pae00920: Sulfur metabolism']
PA14_54040		PA0789	most stable	0.8733820492212416	0.0	[]
PA14_18870		PA3496		0.4542971216879378	1.0868022276380357e-270	[]
PA14_42310	pscF	PA1719	most stable	0.6612215929197034	0.0	['KEGG-Pathway-pae03070: Bacterial secretion system', 'KEGG-Module-M00332: Type III secretion system']
PA14_31300		PA2569	most stable	0.592599885723201	0.0	[]
PA14_12960		PA3936	most stable	0.6102419054854177	0.0	['KEGG-Pathway-pae00920: Sulfur metabolism']
PA14_00710	osmC	PA0059	most stable	0.6749129321071544	0.0	[]
PA14_22990		PA3189		0.4302405422782741	5.96780606729841e-240	[]
PA14_06730	nirC	PA0517	most stable	0.7109784652222016	0.0	[]
PA14_17620	potC	PA3609	most stable	0.675189879398212	0.0	['KEGG-Module-M00299: Spermidine/putrescine transport system']
PA14_47390		PA1301	most stable	0.7221194220384449	0.0	[]
PA14_13010		PA3931	least stable	0.18557050214339613	1.2202288016993225e-42	['KEGG-Module-M00238: D-Methionine transport system']	No accessory genes
PA14_44290	acnA	PA1562	most stable	0.7078183725415522	0.0	['KEGG-Pathway-pae00020: Citrate cycle (TCA cycle)', 'KEGG-Pathway-pae01210: 2-Oxocarboxylic acid metabolism', 'KEGG-Pathway-pae00630: Glyoxylate and dicarboxylate metabolism', 'KEGG-Module-M00009: Citrate cycle (TCA cycle, Krebs cycle)', 'KEGG-Module-M00010: Citrate cycle, first carbon oxidation, oxaloacetate => 2-oxoglutarate']
PA14_64200	purH	PA4854	most stable	0.8512204646278801	0.0	['KEGG-Pathway-pae00670: One carbon pool by folate', 'KEGG-Pathway-pae00230: Purine metabolism', 'KEGG-Module-M00048: Inosine monophosphate biosynthesis, PRPP + glutamine => IMP']
PA14_33240		PA2428		0.4190422939809785	1.807602623908448e-226	[]
PA14_39590	metE	PA1927	least stable	0.0464087585422066	0.0006865134025971487	['KEGG-Pathway-pae00270: Cysteine and methionine metabolism', 'KEGG-Pathway-pae00450: Selenocompound metabolism']	No accessory genes
PA14_72180		PA5469	most stable	0.5890344397583365	0.0	[]
PA14_72360		PA5481	most stable	0.5970010662418814	0.0	[]
PA14_07860		PA0603	least stable	0.1416242394349822	2.302298519469774e-25	['KEGG-Module-M00193: Putative spermidine/putrescine transport system']	No accessory genes
PA14_00450	trpB	PA0036		0.3994298764391114	4.616069409889419e-204	['KEGG-Pathway-pae00260: Glycine, serine and threonine metabolism', 'KEGG-Pathway-pae00400: Phenylalanine, tyrosine and tryptophan biosynthesis', 'KEGG-Module-M00023: Tryptophan biosynthesis, chorismate => tryptophan']
PA14_34020	hsiF3	PA2368	most stable	0.8009359187851058	0.0	[]
PA14_21640		PA3277	most stable	0.6879385163822334	0.0	[]
PA14_24970		PA3023	most stable	0.7408439125418619	0.0	[]
PA14_18140	mmsB	PA3569	most stable	0.7805954905815222	0.0	['KEGG-Pathway-pae00280: Valine, leucine and isoleucine degradation']
PA14_30630	pqsH	PA2587	most stable	0.6973491055782702	0.0	[]
PA14_33540		PA2409		0.33382755402967124	2.2508805524161996e-139	['KEGG-Module-M00242: Zinc transport system']
PA14_44970	moaA2	PA1505	most stable	0.5281754068948932	0.0	['KEGG-Pathway-pae04122: Sulfur relay system', 'KEGG-Pathway-pae00790: Folate biosynthesis']
PA14_18310		PA3558		0.3467101358700556	6.686781955320716e-151	[]
PA14_00620		PA0049		0.4149578103101252	1.1174044698755749e-221	[]
PA14_61000		PA4610		0.4215115815454694	2.129097676086492e-229	[]
PA14_38790	pqqD	PA1988	most stable	0.6662327812681542	0.0	[]
PA14_13840		PA3871	most stable	0.5465279558726116	0.0	[]
PA14_43900		PA1592	most stable	0.6494572309453678	0.0	[]
PA14_01560		PA0128	most stable	0.8006029918947066	0.0	['KEGG-Pathway-pae00440: Phosphonate and phosphinate metabolism']
PA14_69470	algR	PA5261	most stable	0.5298483385833321	0.0	[]
PA14_28030		PA2790	most stable	0.7266219545811734	0.0	[]
PA14_07660		PA0587	most stable	0.7509794608268227	0.0	[]
PA14_42260	pscK	PA1724	most stable	0.5145306355483074	0.0	['KEGG-Module-M00332: Type III secretion system']
PA14_09940		PA4171	most stable	0.5767065528809558	0.0	[]
PA14_42580	pscO	PA1696		0.456267162486481	2.5546388759286573e-273	['KEGG-Pathway-pae03070: Bacterial secretion system', 'KEGG-Module-M00332: Type III secretion system']
PA14_36520		PA2171	most stable	0.668800869455145	0.0	[]
PA14_56170		PA4323	most stable	0.5114384655352078	0.0	[]
PA14_01330		PA0109	most stable	0.7538408269851689	0.0	[]
PA14_28620		PA2746	most stable	0.6531782421242535	0.0	[]
PA14_29720		PA2658	least stable	-0.03663288243953519	0.0073790261846677346	[]	No accessory genes
PA14_36780		PA2148	most stable	0.6071047318867597	0.0	[]
PA14_26570		PA2899	least stable	-0.05266830487475761	0.00011648485313026091	[]	No accessory genes
PA14_26140		PA2931	most stable	0.5893936582225507	0.0	[]
PA14_21760	capB	PA3266		0.3583707861293092	8.15652310381147e-162	[]
PA14_06770	nirQ	PA0520		0.4576725145710817	3.32221970479888e-275	[]
PA14_58690		PA4523	most stable	0.7385461039307185	0.0	[]
PA14_27990		PA2794	most stable	0.5847376931132039	0.0	[]
PA14_55940		PA4306	most stable	0.7397197198589666	0.0	[]
PA14_55200		PA0704	most stable	0.793461781116735	0.0	['KEGG-Pathway-pae00380: Tryptophan metabolism', 'KEGG-Pathway-pae00360: Phenylalanine metabolism', 'KEGG-Pathway-pae00330: Arginine and proline metabolism', 'KEGG-Pathway-pae00627: Aminobenzoate degradation', 'KEGG-Pathway-pae00643: Styrene degradation']
PA14_19540		PA3445	most stable	0.5267156518158238	0.0	['KEGG-Pathway-pae00920: Sulfur metabolism', 'KEGG-Module-M00436: Sulfonate transport system']
PA14_46840		PA1348	most stable	0.7215851518928154	0.0	[]
PA14_55850		PA4299	most stable	0.7473850180954412	0.0	[]
PA14_39530		PA1932	most stable	0.5596298914156932	0.0	['KEGG-Pathway-pae00230: Purine metabolism']
PA14_36870		PA2142	most stable	0.7251934366843558	0.0	[]
PA14_55580	nemO	PA0672	most stable	0.6319681054077109	0.0	[]
PA14_71260		PA5398	most stable	0.6452959930950081	0.0	[]
PA14_14080		PA3859		0.4976008365325614	0.0	[]
PA14_43730		PA1606	most stable	0.5363546575700285	0.0	[]
PA14_42660	pscU	PA1690	most stable	0.5319640123018128	0.0	['KEGG-Pathway-pae03070: Bacterial secretion system', 'KEGG-Module-M00332: Type III secretion system']
PA14_12870	tesB	PA3942	most stable	0.5740740772635815	0.0	['KEGG-Pathway-pae01040: Biosynthesis of unsaturated fatty acids']
PA14_05790		PA0443		0.3400645010815973	6.921689769198115e-145	[]
PA14_44820		PA1518	most stable	0.5860214681996787	0.0	['KEGG-Pathway-pae00230: Purine metabolism']
PA14_54670		PA0743	most stable	0.797033452942857	0.0	['KEGG-Pathway-pae00280: Valine, leucine and isoleucine degradation']
PA14_38060		PA2045		0.2491781823682981	1.6875771868207205e-76	[]
PA14_05750		PA0440		0.31963282915175817	2.6710582774419116e-127	['KEGG-Pathway-pae00250: Alanine, aspartate and glutamate metabolism', 'KEGG-Pathway-pae00910: Nitrogen metabolism']
PA14_06930		PA0531	most stable	0.6061351493518492	0.0	[]
PA14_42550	popN	PA1698		0.4362413559593423	2.1822735541917724e-247	['KEGG-Pathway-pae03070: Bacterial secretion system', 'KEGG-Module-M00332: Type III secretion system']
PA14_06830	norB	PA0524	most stable	0.6022097726866453	0.0	['KEGG-Pathway-pae00910: Nitrogen metabolism', 'KEGG-Module-M00529: Denitrification, nitrate => nitrogen']
PA14_43000	hsiG2	PA1660	most stable	0.6067803236592628	0.0	['KEGG-Module-M00334: Type VI secretion system']
PA14_13460		PA3899		0.4007000248789747	1.812666740825638e-205	[]
PA14_18260	fruK	PA3561	most stable	0.6218694331277653	0.0	['KEGG-Pathway-pae00051: Fructose and mannose metabolism']
PA14_44830		PA1517	most stable	0.6643864211483268	0.0	[]
PA14_06460		PA0495		0.2510496420805375	1.1607972944670882e-77	[]
PA14_20170	nosY	PA3395		0.4776793980542561	4.9253433746042936e-303	['KEGG-Module-M00254: ABC-2 type transport system']
PA14_49800		PA1127	least stable	0.11943416532792553	1.8917095152593953e-18	[]	No accessory genes
PA14_32140	antC	PA2514		0.4846393900635166	3.7016399126e-313	['KEGG-Pathway-pae00627: Aminobenzoate degradation']
PA14_38840		PA1984		0.3132980930904277	4.0539961570034565e-122	['KEGG-Pathway-pae00620: Pyruvate metabolism', 'KEGG-Pathway-pae00010: Glycolysis / Gluconeogenesis']
PA14_33740	pvdP	PA2392	most stable	0.6341989043385304	0.0	[]
PA14_38050		PA2046	most stable	0.6805548336690287	0.0	[]
PA14_62290		PA4707		0.44913091895723467	7.051032797660703e-264	['KEGG-Module-M00240: Iron complex transport system']
PA14_37830		PA2062	most stable	0.6466056971915484	0.0	['KEGG-Pathway-pae04122: Sulfur relay system', 'KEGG-Pathway-pae00730: Thiamine metabolism']
PA14_38350	galU	PA2023	most stable	0.5038733421243664	0.0	['KEGG-Pathway-pae00040: Pentose and glucuronate interconversions', 'KEGG-Pathway-pae00052: Galactose metabolism', 'KEGG-Pathway-pae00500: Starch and sucrose metabolism', 'KEGG-Pathway-pae00520: Amino sugar and nucleotide sugar metabolism']
PA14_72380	algB	PA5483		0.36584682306679467	4.662755645876276e-169	[]
PA14_11810		PA4022	most stable	0.6657625177647883	0.0	['KEGG-Pathway-pae00620: Pyruvate metabolism', 'KEGG-Pathway-pae00010: Glycolysis / Gluconeogenesis']
PA14_36560		PA2166	most stable	0.7222517867056871	0.0	[]
PA14_37250		PA2114		0.20925738392177973	5.445342879790648e-54	[]
PA14_20040	hasE	PA3405	most stable	0.6132865735304625	0.0	['KEGG-Module-M00328: Hemophore/metalloprotease transport system']
PA14_19100	rhlA	PA3479	most stable	0.7743294374430031	0.0	[]
PA14_42610	pscQ	PA1694	most stable	0.5090685151737877	0.0	['KEGG-Pathway-pae03070: Bacterial secretion system', 'KEGG-Module-M00332: Type III secretion system']
PA14_57650		PA4438	most stable	0.8572769568187544	0.0	[]
PA14_37990		PA2050	most stable	0.6622487547233136	0.0	[]
PA14_19490	lsfA	PA3450		0.2398095756085191	7.946163740780473e-71	[]
PA14_55810		PA4296	most stable	0.7798775289451337	0.0	[]
PA14_32230	catC	PA2508	most stable	0.5790140038822217	0.0	['KEGG-Pathway-pae00362: Benzoate degradation', 'KEGG-Pathway-pae01220: Degradation of aromatic compounds', 'KEGG-Module-M00568: Catechol ortho-cleavage, catechol => 3-oxoadipate']
PA14_11270	oprG	PA4067	most stable	0.6458101350228559	0.0	[]
PA14_70740		PA5359	most stable	0.8301444749675309	0.0	[]
PA14_32890		PA2453	most stable	0.7030051696487586	0.0	[]
PA14_01460		PA0119	most stable	0.5090124611165391	0.0	[]
PA14_55960	pctC	PA4307	most stable	0.6872125928997427	0.0	['KEGG-Pathway-pae02030: Bacterial chemotaxis']
PA14_05620	sahH	PA0432	most stable	0.7481773372364574	0.0	['KEGG-Pathway-pae00270: Cysteine and methionine metabolism']
PA14_09500	opmD	PA4208	most stable	0.7890270065180467	0.0	['KEGG-Module-M00644: Multidrug resistance, efflux pump MexHI-OprD']
PA14_02910		PA0236	most stable	0.6253322859859994	0.0	[]
PA14_69250		PA5244	most stable	0.8097725227390021	0.0	[]
PA14_68300	arcD	PA5170	most stable	0.6240197621854019	0.0	[]
PA14_17500	mutS	PA3620	most stable	0.8625961097751913	0.0	['KEGG-Pathway-pae03430: Mismatch repair']
PA14_04190		PA0321		0.25127948903910585	8.342651918956211e-78	[]
PA14_30840		PA2571	most stable	0.8230257766814625	0.0	[]
PA14_11140		PA4078	most stable	0.7112043257333579	0.0	[]
PA14_01620	aptA	PA0132		0.4368060623131416	4.2784838825861376e-248	['KEGG-Pathway-pae00280: Valine, leucine and isoleucine degradation', 'KEGG-Pathway-pae00640: Propanoate metabolism', 'KEGG-Pathway-pae00410: beta-Alanine metabolism']
PA14_44340		PA1557	most stable	0.6908313077523242	0.0	['KEGG-Pathway-pae00190: Oxidative phosphorylation', 'KEGG-Module-M00156: Cytochrome c oxidase, cbb3-type']
PA14_13750	narK1	PA3877	most stable	0.5264527347105888	0.0	['KEGG-Pathway-pae00910: Nitrogen metabolism']
PA14_06750	nirS	PA0519	most stable	0.7328820445291848	0.0	['KEGG-Pathway-pae00910: Nitrogen metabolism', 'KEGG-Module-M00529: Denitrification, nitrate => nitrogen']
PA14_37710	fusA2	PA2071	most stable	0.6996576803804072	0.0	[]
PA14_37080		PA2126		0.4626320421856579	6.235657314084379e-282	[]
PA14_02190		PA0174	most stable	0.7222252007335458	0.0	['KEGG-Pathway-pae02030: Bacterial chemotaxis']
PA14_41500		PA1784	most stable	0.7906092787321675	0.0	[]
PA14_38310		PA2027		0.201308119103298	5.1070946612058355e-50	[]
PA14_60490		PA4571	most stable	0.7359124117712115	0.0	[]
PA14_36820		PA2146	most stable	0.6293049193003986	0.0	[]
PA14_16000	rplS	PA3742	most stable	0.8180389275177057	0.0	['KEGG-Pathway-pae03010: Ribosome', 'KEGG-Module-M00178: Ribosome, bacteria']
PA14_35520	bkdA2	PA2248	most stable	0.7139832720526766	0.0	['KEGG-Pathway-pae00280: Valine, leucine and isoleucine degradation', 'KEGG-Module-M00036: Leucine degradation, leucine => acetoacetate + acetyl-CoA']
PA14_29230		PA2699	most stable	0.7715240726487569	0.0	[]
PA14_37690		PA2072	most stable	0.7865614509522858	0.0	[]
PA14_29730		PA2657	least stable	0.1892363771254457	2.6603744688014384e-44	[]	No accessory genes
PA14_21010		PA3328	most stable	0.5671951452998341	0.0	[]
PA14_07870		PA0604	least stable	0.17418350101511712	1.0674353917708335e-37	['KEGG-Module-M00193: Putative spermidine/putrescine transport system']	No accessory genes
PA14_48400		PA1228	most stable	0.8460720172486549	0.0	[]
PA14_55560		PA0674		0.48597791071755997	3.929636563e-315	[]
PA14_48060	aprA	PA1249	most stable	0.7443767653235758	0.0	[]
PA14_16390		PA3710	most stable	0.5878099881994383	0.0	['KEGG-Pathway-pae00260: Glycine, serine and threonine metabolism']
PA14_66890		PA5062	most stable	0.5318500315740757	0.0	[]
PA14_03010		PA0243	least stable	0.09742742418270572	9.319834696990102e-13	[]	No accessory genes
PA14_68190	rmlD	PA5162	most stable	0.6335418014381462	0.0	['KEGG-Pathway-pae00521: Streptomycin biosynthesis', 'KEGG-Pathway-pae00523: Polyketide sugar unit biosynthesis']
PA14_61190		PA4624	most stable	0.6633037116439716	0.0	[]
PA14_08250		PA0637		0.4113238247763643	1.7996857135309832e-217	[]
PA14_60400	rpsT	PA4563	most stable	0.8217694523743708	0.0	['KEGG-Pathway-pae03010: Ribosome', 'KEGG-Module-M00178: Ribosome, bacteria']
PA14_64490		PA4877	most stable	0.5585263988680275	0.0	[]
PA14_45970		PA1429	most stable	0.5991755814734	0.0	[]
PA14_08100		PA0624	most stable	0.5462345121032541	0.0	[]
PA14_46120		PA1417	most stable	0.5848223522499639	0.0	['KEGG-Pathway-pae00660: C5-Branched dibasic acid metabolism', 'KEGG-Pathway-pae00290: Valine, leucine and isoleucine biosynthesis', 'KEGG-Pathway-pae01210: 2-Oxocarboxylic acid metabolism', 'KEGG-Pathway-pae00770: Pantothenate and CoA biosynthesis', 'KEGG-Pathway-pae00650: Butanoate metabolism', 'KEGG-Module-M00019: Valine/isoleucine biosynthesis, pyruvate => valine / 2-oxobutanoate => isoleucine', 'KEGG-Module-M00570: Isoleucine biosynthesis, threonine => 2-oxobutanoate => isoleucine']
PA14_73050		PA5539	most stable	0.5581005202717236	0.0	['KEGG-Pathway-pae00790: Folate biosynthesis', 'KEGG-Module-M00126: Tetrahydrofolate biosynthesis, GTP => THF']
PA14_02070		PA0166	most stable	0.7470235099245774	0.0	[]
PA14_06840		PA0525	most stable	0.501798892091944	0.0	[]
PA14_60730		PA4589		0.24885859885596945	2.6595103421885467e-76	[]
PA14_63580	fdnH	PA4811		0.2649287447499582	1.3642172283912582e-86	['KEGG-Pathway-pae00630: Glyoxylate and dicarboxylate metabolism', 'KEGG-Pathway-pae00680: Methane metabolism']
PA14_24770		PA3040	most stable	0.6168877722127263	0.0	[]
PA14_61520		PA4650	most stable	0.7959755430974372	0.0	[]
PA14_08330		PA0648		0.4020156612564214	6.244706547616018e-207	[]
PA14_22400		PA3231	most stable	0.6174069877053779	0.0	[]
PA14_63100		PA4772	most stable	0.5917584656816673	0.0	[]
PA14_34770		PA2309	most stable	0.6583736694704202	0.0	['KEGG-Module-M00188: NitT/TauT family transport system']
PA14_34750		PA2310	most stable	0.6594935093307827	0.0	['KEGG-Pathway-pae00920: Sulfur metabolism', 'KEGG-Pathway-pae00430: Taurine and hypotaurine metabolism']
PA14_06080	creD	PA0465		0.34241092028369263	5.410687836823623e-147	[]
PA14_51620		PA0979	most stable	0.5331308804186652	0.0	[]
PA14_33730		PA2393	most stable	0.551377969414357	0.0	[]
PA14_33460		PA2415	most stable	0.7488614578921499	0.0	[]
PA14_41575	sigX	PA1776		0.4628967909235868	2.708120880556672e-282	[]
PA14_41540	nirD	PA1780	most stable	0.599166405357474	0.0	['KEGG-Pathway-pae00910: Nitrogen metabolism', 'KEGG-Module-M00530: Dissimilatory nitrate reduction, nitrate => ammonia']
PA14_36660		PA2158	most stable	0.6683438044633607	0.0	[]
PA14_36460		PA2175	most stable	0.6290586521635768	0.0	[]
PA14_31510		PA2554	most stable	0.7425709863731899	0.0	[]
PA14_13140		PA3922	most stable	0.7075500323696283	0.0	[]
PA14_68930		PA5219	most stable	0.6929586328248274	0.0	[]
PA14_70640	rubA1	PA5351		0.2001075958870427	1.9663614973425403e-49	[]
PA14_47160	cyoD	PA1320		0.4220920131421872	4.326684580332068e-230	['KEGG-Pathway-pae00190: Oxidative phosphorylation']
PA14_02970		PA0239	most stable	0.77051139282898	0.0	[]
PA14_49690		PA1137		0.4694776784472297	2.1162749487486687e-291	[]
PA14_36540		PA2168	most stable	0.5855602466214619	0.0	[]
PA14_40240		PA1876	most stable	0.7676074273857366	0.0	[]
PA14_00740		PA0062		0.4137757737529033	2.644570423057243e-220	[]
PA14_46070	gbuA	PA1421		0.24580996264844396	1.9718196090508533e-74	['KEGG-Pathway-pae00330: Arginine and proline metabolism']
PA14_46890		PA1344	most stable	0.5968448496051335	0.0	[]
PA14_07370		PA0567	most stable	0.6663300486814463	0.0	[]
PA14_08230		PA0635		0.4681711841841068	1.410959552957772e-289	[]
PA14_41440		PA1789	most stable	0.6640937560544127	0.0	[]
PA14_36420		PA2177	most stable	0.7399644266732333	0.0	[]
PA14_44240		PA1566	most stable	0.626215039274125	0.0	['KEGG-Pathway-pae00330: Arginine and proline metabolism', 'KEGG-Pathway-pae00630: Glyoxylate and dicarboxylate metabolism', 'KEGG-Pathway-pae00250: Alanine, aspartate and glutamate metabolism', 'KEGG-Pathway-pae00910: Nitrogen metabolism']
PA14_23450	orfM	PA3146	most stable	0.5740160252175541	0.0	[]
PA14_33570		PA2406	most stable	0.6636140868052729	0.0	[]
PA14_37290		PA2111		0.3660074925447901	3.242244966872906e-169	[]
PA14_14990		PA3795	most stable	0.647090536200947	0.0	[]
PA14_42960	lip2.2	PA1664	most stable	0.5877791885566308	0.0	[]
PA14_38825	pqqA	PA1985	most stable	0.5231877030568577	0.0	[]
PA14_57990		PA4467	most stable	0.7732082083984765	0.0	[]
PA14_37760		PA2068	most stable	0.7431004850160623	0.0	[]
PA14_32480		PA2486		0.47887822004079	9.231983063719023e-305	[]
PA14_02520		PA0200		0.4133567049352521	8.094762467965822e-220	[]
PA14_49760	rhlC	PA1130	most stable	0.7883208255456124	0.0	[]
PA14_33600		PA2403		0.4253495785639685	5.331401202786221e-234	[]
PA14_66660	pilM	PA5044		0.4663049535093201	5.509985645252384e-287	[]
PA14_00280	hemF	PA0024	most stable	0.8218732680083313	0.0	['KEGG-Pathway-pae00860: Porphyrin and chlorophyll metabolism']
PA14_53340		PA0845	most stable	0.7674318690927256	0.0	[]
PA14_60560		PA4577	most stable	0.6144352465503249	0.0	[]
PA14_52250		PA0929		0.4596052824010986	8.189731119342248e-278	[]
PA14_06870	dnr	PA0527		0.4361766530118904	2.6296684287749397e-247	[]
PA14_16640		PA3691	most stable	0.7332515471005941	0.0	[]
PA14_42460	pcrH	PA1707		0.499600431605324	0.0	[]
PA14_24480	pelA	PA3064	most stable	0.66710383979112	0.0	[]
PA14_32740		PA2466	most stable	0.8156174659922308	0.0	[]
PA14_71150		PA5387	most stable	0.8198968768439979	0.0	[]
PA14_17580		PA3613	most stable	0.6305768754333649	0.0	[]
PA14_54810		PA0732	most stable	0.6253041559604905	0.0	[]
PA14_64700		PA4896	most stable	0.6728344940045785	0.0	[]
PA14_10790	ampC	PA4110	most stable	0.5049716210652626	0.0	['KEGG-Pathway-pae00312: beta-Lactam resistance']
PA14_49460	nrdA	PA1156	most stable	0.6976580328389149	0.0	['KEGG-Pathway-pae00230: Purine metabolism', 'KEGG-Pathway-pae00240: Pyrimidine metabolism', 'KEGG-Module-M00053: Pyrimidine deoxyribonuleotide biosynthesis, CDP/CTP => dCDP/dCTP,dTDP/dTTP']
PA14_43040	hsiB2	PA1657	most stable	0.6725180642792681	0.0	['KEGG-Module-M00334: Type VI secretion system']
PA14_19350		PA3461	most stable	0.6757604218912171	0.0	[]
PA14_04210		PA0322	most stable	0.5837529555407767	0.0	[]
PA14_07990		PA0614	most stable	0.5562037346899544	0.0	[]
PA14_33000	gcvP2	PA2445	most stable	0.6030604908084977	0.0	['KEGG-Pathway-pae00260: Glycine, serine and threonine metabolism']
PA14_67350	hutU	PA5100	most stable	0.7640501664715366	0.0	['KEGG-Pathway-pae00340: Histidine metabolism', 'KEGG-Module-M00045: Histidine degradation, histidine => N-formiminoglutamate => glutamate']
PA14_18580	algD	PA3540		0.4437463558957994	6.66803084146593e-257	['KEGG-Pathway-pae00051: Fructose and mannose metabolism', 'KEGG-Pathway-pae00520: Amino sugar and nucleotide sugar metabolism']
PA14_08260		PA0638		0.4435781354217075	1.0962429668315557e-256	[]
PA14_08190		PA0631		0.3842081963178023	1.0992154948551431e-187	[]
PA14_26980		PA2869		0.3969195190603	2.660646497548604e-201	[]
PA14_37770		PA2067	most stable	0.8229573116137058	0.0	[]
PA14_36990		PA2133	most stable	0.8447873519372159	0.0	[]
PA14_20900		PA3336	most stable	0.6277203062426214	0.0	[]
PA14_09260	pchR	PA4227	most stable	0.6281141962309515	0.0	[]
PA14_71720		PA5435	most stable	0.7268110656408061	0.0	['KEGG-Pathway-pae00020: Citrate cycle (TCA cycle)', 'KEGG-Pathway-pae00620: Pyruvate metabolism']
PA14_39300	rbsR	PA1949	least stable	0.17625578046512386	1.4240652635286462e-38	[]	No accessory genes
PA14_33280	pvdL	PA2424	most stable	0.7116178778669998	0.0	[]
PA14_33250		PA2427	most stable	0.6574762132941255	0.0	[]
PA14_37070		PA2127		0.4985339926879593	0.0	[]
PA14_51600		PA0981		0.3157814010886684	3.9069334349061846e-124	[]
PA14_40020		PA1895		0.4579979155532232	1.21198085655397e-275	[]
PA14_38320		PA2026	least stable	0.15553911320850988	2.5901659029576166e-30	[]	['PA14_33360', 'PA14_51570']
PA14_24980		PA3022		0.34881868158233503	7.689295023891085e-153	[]
PA14_64530		PA4881		0.2522044189311978	2.2005809493809367e-78	[]
PA14_31820		PA2531	most stable	0.5275761213912321	0.0	['KEGG-Pathway-pae00360: Phenylalanine metabolism', 'KEGG-Pathway-pae00350: Tyrosine metabolism', 'KEGG-Pathway-pae00340: Histidine metabolism', 'KEGG-Pathway-pae00400: Phenylalanine, tyrosine and tryptophan biosynthesis', 'KEGG-Pathway-pae00401: Novobiocin biosynthesis']
PA14_09930		PA4172		0.4365330923485412	9.408265633611406e-248	['KEGG-Pathway-pae03410: Base excision repair']
PA14_39420		PA1942		0.2135534425314536	3.3112079826827957e-56	[]
PA14_73140		PA5546	most stable	0.544423943423235	0.0	[]
PA14_17960	glpK	PA3582		0.2606303248281849	9.098655556151076e-84	['KEGG-Pathway-pae00561: Glycerolipid metabolism']
PA14_71630	adhA	PA5427	most stable	0.6022056041727695	0.0	['KEGG-Pathway-pae00071: Fatty acid degradation', 'KEGG-Pathway-pae00350: Tyrosine metabolism', 'KEGG-Pathway-pae00625: Chloroalkane and chloroalkene degradation', 'KEGG-Pathway-pae01220: Degradation of aromatic compounds', 'KEGG-Pathway-pae00010: Glycolysis / Gluconeogenesis']
PA14_73020		PA5536		0.467229870255742	2.8756246418909105e-288	[]
PA14_03030	aroQ2	PA0245	most stable	0.6141310658079289	0.0	['KEGG-Pathway-pae00400: Phenylalanine, tyrosine and tryptophan biosynthesis']
PA14_32160	antA	PA2512		0.4337236516560136	3.002366487053142e-244	['KEGG-Pathway-pae00627: Aminobenzoate degradation']
PA14_72170		PA5468	most stable	0.5485741859818283	0.0	[]
PA14_24740		PA3042	most stable	0.7568733434307462	0.0	[]
PA14_06180		PA0472	most stable	0.6596307910877193	0.0	[]
PA14_43405	kdbF	PA1632	most stable	0.6733219644819839	0.0	[]
PA14_46110		PA1418	least stable	0.1827804413389096	2.1276125728020622e-41	[]	No accessory genes
PA14_33260	pvdS	PA2426		0.3885888269312363	2.608977337505344e-192	[]
PA14_38530	fahA	PA2008	most stable	0.6323611930681804	0.0	['KEGG-Pathway-pae00350: Tyrosine metabolism', 'KEGG-Pathway-pae00643: Styrene degradation']
PA14_24440		PA3069		0.21833313759644926	9.927844731517528e-59	[]
PA14_06690	nirG	PA0513	most stable	0.6513487161479855	0.0	[]
PA14_42540		PA1699		0.40412567670887023	2.726459547272543e-209	[]
PA14_62970	dnaK	PA4761		0.4547385948314324	2.8090053742993844e-271	['KEGG-Pathway-pae03018: RNA degradation']
PA14_18680		PA3530		0.2454594427044486	3.2227029890033767e-74	[]
PA14_69550		PA5266	most stable	0.608136845071457	0.0	['KEGG-Pathway-pae03070: Bacterial secretion system', 'KEGG-Module-M00334: Type VI secretion system']
PA14_08020		PA0617	most stable	0.6264427445734359	0.0	[]
PA14_13780	narG	PA3875	most stable	0.5110726469335805	0.0	['KEGG-Pathway-pae00910: Nitrogen metabolism', 'KEGG-Module-M00529: Denitrification, nitrate => nitrogen', 'KEGG-Module-M00530: Dissimilatory nitrate reduction, nitrate => ammonia']
PA14_37190	ada	PA2118		0.262033758884188	1.1033510502218268e-84	[]
PA14_55410	lapC	PA0688	most stable	0.5924760188938043	0.0	[]
PA14_08050		PA0620	most stable	0.6293697109345899	0.0	[]
PA14_37560		PA2084	most stable	0.7395155318338362	0.0	['KEGG-Pathway-pae00250: Alanine, aspartate and glutamate metabolism']
PA14_31970	czcC	PA2522		0.4462184088756264	4.335681021090796e-260	[]
PA14_42570	pscN	PA1697	most stable	0.6299227424843511	0.0	['KEGG-Pathway-pae03070: Bacterial secretion system', 'KEGG-Module-M00332: Type III secretion system']
PA14_57960	ptsN	PA4464	most stable	0.6480672909033315	0.0	['KEGG-Pathway-pae02060: Phosphotransferase system (PTS)']
PA14_34520		PA2327	most stable	0.7054905492416051	0.0	['KEGG-Module-M00188: NitT/TauT family transport system']
PA14_63270	fabG	PA4786	most stable	0.7530233836688509	0.0	['KEGG-Pathway-pae00780: Biotin metabolism', 'KEGG-Pathway-pae01040: Biosynthesis of unsaturated fatty acids', 'KEGG-Pathway-pae01212: Fatty acid metabolism', 'KEGG-Pathway-pae00061: Fatty acid biosynthesis', 'KEGG-Module-M00083: Fatty acid biosynthesis, elongation', 'KEGG-Module-M00572: Pimeloyl-ACP biosynthesis, BioC-BioH pathway, malonyl-ACP => pimeloyl-ACP']
PA14_40100		PA1888	most stable	0.7080039085622801	0.0	[]
PA14_33220		PA2430	most stable	0.8399171209343335	0.0	[]
PA14_08320		PA0647	most stable	0.5265038070644102	0.0	[]
PA14_72710		PA5510	most stable	0.5545185384227796	0.0	[]
PA14_10330		PA4144	most stable	0.7161832285905834	0.0	['KEGG-Pathway-pae03070: Bacterial secretion system', 'KEGG-Pathway-pae00312: beta-Lactam resistance', 'KEGG-Module-M00647: Multidrug resistance, efflux pump MexAB-OprM/SmeDEF/AcrAB-TolC']
PA14_12970	tauD	PA3935	most stable	0.6586632844154524	0.0	['KEGG-Pathway-pae00920: Sulfur metabolism', 'KEGG-Pathway-pae00430: Taurine and hypotaurine metabolism']
PA14_33270	pvdG	PA2425	most stable	0.7395375998379521	0.0	[]
PA14_42520		PA1701		0.4065269185332916	5.358953362498283e-212	['KEGG-Pathway-pae03070: Bacterial secretion system', 'KEGG-Module-M00332: Type III secretion system']
PA14_34330		PA2345	most stable	0.838456851618027	0.0	['KEGG-Pathway-pae00920: Sulfur metabolism']
PA14_71460	glyA1	PA5415	most stable	0.5076966021092806	0.0	['KEGG-Pathway-pae00260: Glycine, serine and threonine metabolism', 'KEGG-Pathway-pae00670: One carbon pool by folate', 'KEGG-Pathway-pae00630: Glyoxylate and dicarboxylate metabolism', 'KEGG-Pathway-pae00680: Methane metabolism', 'KEGG-Pathway-pae00460: Cyanoamino acid metabolism']
PA14_43030	hsiC2	PA1658	most stable	0.6665102274378525	0.0	['KEGG-Module-M00334: Type VI secretion system']
PA14_06710		PA0515	most stable	0.6331110548480309	0.0	[]
PA14_09340	fptA	PA4221	most stable	0.6919987196511763	0.0	[]
PA14_65840		PA4980	most stable	0.6091439302915536	0.0	['KEGG-Pathway-pae00360: Phenylalanine metabolism']
PA14_02690		PA0220	most stable	0.8542394138351723	0.0	[]
PA14_19560	ssuD	PA3444	most stable	0.5685546825891667	0.0	['KEGG-Pathway-pae00920: Sulfur metabolism']
PA14_26310		PA2918	most stable	0.7490038175940179	0.0	[]
PA14_31330		PA2567	least stable	0.07412614638024104	5.729418295725409e-08	[]	['PA14_59780']
PA14_13280	moeA1	PA3914		0.31225901948035284	2.790679940818034e-121	[]
PA14_04290		PA0328	least stable	0.13119924667662566	5.743193054883837e-22	[]	No accessory genes
PA14_33060		PA2440		0.34707601914040875	3.0886506843798036e-151	[]
PA14_37530		PA2086	most stable	0.6624592216387741	0.0	['KEGG-Pathway-pae00361: Chlorocyclohexane and chlorobenzene degradation', 'KEGG-Pathway-pae00625: Chloroalkane and chloroalkene degradation']
PA14_34070	hsiB3	PA2365	most stable	0.73750898125137	0.0	['KEGG-Module-M00334: Type VI secretion system']
PA14_72060		PA5460	most stable	0.7200977262027776	0.0	[]
PA14_33630	pvdJ	PA2400	most stable	0.6768683249351848	0.0	[]
PA14_21480		PA3291	most stable	0.6055643811652468	0.0	[]
PA14_06740	nirM	PA0518	most stable	0.6318841968502151	0.0	['KEGG-Pathway-pae00920: Sulfur metabolism']
PA14_66800		PA5055		0.4980374285506097	0.0	[]
PA14_57060		PA4390	most stable	0.5253917179224817	0.0	[]
PA14_42130		PA1733	most stable	0.8656884301140244	0.0	[]
PA14_36710	glgB	PA2153	most stable	0.7266314324923584	0.0	['KEGG-Pathway-pae00500: Starch and sucrose metabolism']
PA14_72580	znuC	PA5500		0.3773705610966186	1.3160898680754744e-180	['KEGG-Module-M00242: Zinc transport system']
PA14_03650	cysA	PA0280	most stable	0.5375978091586019	0.0	['KEGG-Pathway-pae00920: Sulfur metabolism', 'KEGG-Module-M00185: Sulfate transport system', 'KEGG-Module-M00616: Sulfate-sulfur assimilation']
PA14_04180		PA0320		0.22962948619210874	6.1690806376469745e-65	[]
PA14_07050		PA0543	most stable	0.5895970619368059	0.0	[]
PA14_53410		PA0839	most stable	0.5575349792825597	0.0	[]
PA14_52110		PA0939		0.4185032979829695	7.819250123816986e-226	[]
PA14_37350		PA2107		0.4967561138189247	0.0	[]
PA14_20360	phnG	PA3380		0.4945048838909649	0.0	['KEGG-Pathway-pae00440: Phosphonate and phosphinate metabolism']
PA14_37470		PA2090	most stable	0.7666048678025639	0.0	[]
PA14_59960	dsbA2	PA0982	least stable	0.02989170790672168	0.028818628870984193	[]	['PA14_59570', 'PA14_15370', 'PA14_59160', 'PA14_51540', 'PA14_46600', 'PA14_28750', 'PA14_03310']
PA14_55300		PA0697	most stable	0.555139844721386	0.0	[]
PA14_47430		PA1297	least stable	0.17114623769526258	1.953858068558732e-36	[]	['PA14_49990']
PA14_07230	fda	PA0555	least stable	0.14779237559248853	1.6876443819330756e-27	['KEGG-Pathway-pae00051: Fructose and mannose metabolism', 'KEGG-Pathway-pae00030: Pentose phosphate pathway', 'KEGG-Pathway-pae00680: Methane metabolism', 'KEGG-Pathway-pae00010: Glycolysis / Gluconeogenesis']	No accessory genes
PA14_53070	hpd	PA0865	most stable	0.5929676157028884	0.0	['KEGG-Pathway-pae00360: Phenylalanine metabolism', 'KEGG-Pathway-pae00350: Tyrosine metabolism', 'KEGG-Pathway-pae00130: Ubiquinone and other terpenoid-quinone biosynthesis']
PA14_32060	xylS	PA2519	most stable	0.7587538937173294	0.0	[]
PA14_13290		PA3913		0.3622593442417241	1.4739179061919677e-165	[]
PA14_33820	pvdQ	PA2385	most stable	0.7234697266704194	0.0	[]
PA14_38580		PA2004	most stable	0.5302282780760323	0.0	[]
PA14_32720		PA2467	most stable	0.677438322950576	0.0	[]
PA14_29640	fhp	PA2664		0.3822786394859475	1.1369827005158302e-185	[]
PA14_25030		PA3018	most stable	0.8455594224768632	0.0	[]
PA14_19940		PA3414	most stable	0.5660503212137008	0.0	[]
PA14_08200		PA0632		0.39789861313313496	2.2443640487946246e-202	[]
PA14_25980	aroF	PA2943	least stable	0.1739662316642217	1.3165335468673578e-37	['KEGG-Pathway-pae00400: Phenylalanine, tyrosine and tryptophan biosynthesis']	No accessory genes
PA14_62240		PA4702	most stable	0.7781008737879797	0.0	[]
PA14_60700	ccpR	PA4587	most stable	0.7383745499073957	0.0	[]
PA14_62300		PA4708	most stable	0.6493614263077624	0.0	['KEGG-Module-M00240: Iron complex transport system']
PA14_27730	fadE	PA2815	most stable	0.6897456359757133	0.0	['KEGG-Pathway-pae00071: Fatty acid degradation', 'KEGG-Pathway-pae01212: Fatty acid metabolism', 'KEGG-Module-M00087: beta-Oxidation']
PA14_18250		PA3562	most stable	0.6472007485129121	0.0	['KEGG-Pathway-pae02060: Phosphotransferase system (PTS)', 'KEGG-Pathway-pae00051: Fructose and mannose metabolism']
PA14_10280		PA4148	most stable	0.5436091408384931	0.0	['KEGG-Pathway-pae00650: Butanoate metabolism']
PA14_63110		PA4773		0.3865816118984712	3.5015134869952064e-190	['KEGG-Pathway-pae00270: Cysteine and methionine metabolism', 'KEGG-Pathway-pae00330: Arginine and proline metabolism', 'KEGG-Module-M00034: Methionine salvage pathway']
PA14_20150	nosL	PA3396		0.40860789693943456	2.3197948324332877e-214	[]
PA14_66850		PA5059	most stable	0.8063477073021273	0.0	[]
PA14_31370		PA2564	most stable	0.7794913650640563	0.0	[]
PA14_05840	gcdH	PA0447	most stable	0.5599246792589536	0.0	['KEGG-Pathway-pae00071: Fatty acid degradation', 'KEGG-Pathway-pae00380: Tryptophan metabolism', 'KEGG-Pathway-pae00310: Lysine degradation']
PA14_01730		PA0141	most stable	0.7562295121288226	0.0	[]
PA14_38220		PA2033	most stable	0.6676682804388305	0.0	[]
PA14_34600		PA2323	most stable	0.5498276608024061	0.0	['KEGG-Pathway-pae00030: Pentose phosphate pathway', 'KEGG-Pathway-pae00010: Glycolysis / Gluconeogenesis']
PA14_42860		PA1673	most stable	0.6542237815217217	0.0	[]
PA14_02980		PA0240	most stable	0.8467645060867355	0.0	[]
PA14_46970	ansB	PA1337	most stable	0.7586771986203125	0.0	['KEGG-Pathway-pae00330: Arginine and proline metabolism', 'KEGG-Pathway-pae00471: D-Glutamine and D-glutamate metabolism', 'KEGG-Pathway-pae00250: Alanine, aspartate and glutamate metabolism']
PA14_49310		PA1168		0.21428029186129785	1.3810671936617831e-56	[]
PA14_43790		PA1601	most stable	0.5126485600006091	0.0	[]
PA14_33530		PA2410		0.23675084868600305	5.008678845528275e-69	[]
PA14_44350		PA1556	most stable	0.6664118895359953	0.0	['KEGG-Pathway-pae00190: Oxidative phosphorylation', 'KEGG-Module-M00156: Cytochrome c oxidase, cbb3-type']
PA14_20230	nosR	PA3391		0.4552717199340761	5.467766964843864e-272	[]
PA14_13590		PA3890		0.41267868964712223	4.929401906608016e-219	[]
PA14_16010		PA3741	most stable	0.8302084339226996	0.0	[]
PA14_38340		PA2024	most stable	0.7263112478429531	0.0	[]
PA14_24490	pelB	PA3063	most stable	0.6931957569990825	0.0	[]
PA14_56040		PA4312	most stable	0.7175114212417777	0.0	[]
PA14_61790	pth	PA4672	most stable	0.8168054494808501	0.0	[]
PA14_67370		PA5101	most stable	0.8469957607608534	0.0	[]
PA14_33590		PA2404		0.3300447303247304	4.30122293575669e-136	[]
PA14_06240		PA0477	most stable	0.7030273204034352	0.0	[]
PA14_02270		PA0180	most stable	0.6562469655903557	0.0	['KEGG-Pathway-pae02030: Bacterial chemotaxis']
PA14_63220		PA4782	least stable	0.17685782543442433	7.894710705937236e-39	[]	No accessory genes
PA14_56430		PA4341	most stable	0.6265014118876187	0.0	[]
PA14_71820		PA5440	most stable	0.8533153702295704	0.0	[]
PA14_73070	pyrQ	PA5541	most stable	0.6719312281491501	0.0	['KEGG-Pathway-pae00240: Pyrimidine metabolism']
PA14_31380		PA2563	most stable	0.7485657172602209	0.0	[]
PA14_69990	dadX	PA5302	most stable	0.5278694295897437	0.0	[]
PA14_56220		PA4328	most stable	0.7108400380732192	0.0	[]
PA14_48560		PA1218		0.3827976707822353	3.2746535002251726e-186	[]
PA14_60520		PA4573	most stable	0.8150834561705845	0.0	[]
PA14_53910	pmtA	PA0798	most stable	0.8420980267815464	0.0	[]
PA14_37520		PA2087	most stable	0.6504549631477275	0.0	[]
PA14_36840	glgP	PA2144	most stable	0.6297354865971633	0.0	['KEGG-Pathway-pae00500: Starch and sucrose metabolism']
PA14_40310		PA1869		0.4886492406313189	4.24926e-319	[]
PA14_23010	gltK	PA3187	most stable	0.6452949789110733	0.0	['KEGG-Module-M00200: Putative sorbitol/mannitol transport system']
PA14_64270		PA4858	most stable	0.6974652830451378	0.0	['KEGG-Module-M00323: Urea transport system']
PA14_23690		PA3125	most stable	0.577906901625796	0.0	[]
PA14_72690		PA5508	most stable	0.5739341574177843	0.0	['KEGG-Pathway-pae00330: Arginine and proline metabolism', 'KEGG-Pathway-pae00630: Glyoxylate and dicarboxylate metabolism', 'KEGG-Pathway-pae00250: Alanine, aspartate and glutamate metabolism', 'KEGG-Pathway-pae00910: Nitrogen metabolism']
PA14_38550	maiA	PA2007	most stable	0.7209508123909317	0.0	['KEGG-Pathway-pae00350: Tyrosine metabolism', 'KEGG-Pathway-pae00643: Styrene degradation']
PA14_26110		PA2933	most stable	0.5589547781059837	0.0	[]
PA14_13170		PA3920	most stable	0.5061451865697498	0.0	[]
PA14_29660		PA2662		0.3247850231099056	1.3150673309568123e-131	[]
PA14_19380		PA3458	most stable	0.6778444138663694	0.0	[]
PA14_30620		PA2588	most stable	0.8360316570326634	0.0	[]
PA14_09470	phzB1	PA4211	most stable	0.6195967718471829	0.0	[]
PA14_09320		PA4222	most stable	0.7679271404183593	0.0	[]
PA14_31530		PA2553	most stable	0.5812909780788058	0.0	['KEGG-Pathway-pae00072: Synthesis and degradation of ketone bodies', 'KEGG-Pathway-pae00071: Fatty acid degradation', 'KEGG-Pathway-pae00380: Tryptophan metabolism', 'KEGG-Pathway-pae00900: Terpenoid backbone biosynthesis', 'KEGG-Pathway-pae00362: Benzoate degradation', 'KEGG-Pathway-pae00280: Valine, leucine and isoleucine degradation', 'KEGG-Pathway-pae00620: Pyruvate metabolism', 'KEGG-Pathway-pae00630: Glyoxylate and dicarboxylate metabolism', 'KEGG-Pathway-pae00310: Lysine degradation', 'KEGG-Pathway-pae00640: Propanoate metabolism', 'KEGG-Pathway-pae01212: Fatty acid metabolism', 'KEGG-Pathway-pae00650: Butanoate metabolism']
PA14_36550		PA2167	most stable	0.6206672530348226	0.0	[]
PA14_28310		PA2767	most stable	0.6889852485800374	0.0	[]
PA14_35500	bkdB	PA2249	most stable	0.7104266173885951	0.0	['KEGG-Pathway-pae00280: Valine, leucine and isoleucine degradation', 'KEGG-Module-M00036: Leucine degradation, leucine => acetoacetate + acetyl-CoA']
PA14_09490	phzM	PA4209	most stable	0.6826829435114422	0.0	[]
PA14_38470	gnyH	PA2013	most stable	0.6710865864599944	0.0	['KEGG-Pathway-pae00280: Valine, leucine and isoleucine degradation', 'KEGG-Module-M00036: Leucine degradation, leucine => acetoacetate + acetyl-CoA']
PA14_42200		PA1728	most stable	0.7450477498490902	0.0	[]
PA14_65820		PA4979	most stable	0.6828316857709793	0.0	['KEGG-Pathway-pae00281: Geraniol degradation']
PA14_52910		PA0878		0.33987348499128445	1.0254900196993399e-144	['KEGG-Pathway-pae00660: C5-Branched dibasic acid metabolism']
PA14_30570		PA2592	most stable	0.6995095311096737	0.0	['KEGG-Module-M00300: Putrescine transport system']
PA14_06670	nirJ	PA0511	most stable	0.6921721215491712	0.0	[]
PA14_29740		PA2656		0.2569616269468758	2.1266995267622596e-81	[]
PA14_09290	pchG	PA4224	most stable	0.7745341698502036	0.0	['KEGG-Pathway-pae01053: Biosynthesis of siderophore group nonribosomal peptides']
PA14_48390		PA1229	most stable	0.5524968961269728	0.0	[]
PA14_33830		PA2384	most stable	0.7472857488243716	0.0	[]
PA14_51630		PA0978		0.4928420539374181	0.0	[]
PA14_39800		PA1912	most stable	0.559452525567588	0.0	[]
PA14_07070		PA0545	least stable	0.10671761747789173	5.085026871375072e-15	[]	No accessory genes
PA14_71580		PA5423	most stable	0.521346635738626	0.0	[]
PA14_20190	nosD	PA3393		0.4889192771670496	1.68047e-319	[]
PA14_20570		PA3365		0.3985242256355235	4.602596257825272e-203	[]
PA14_13600		PA3889	most stable	0.5218845270542615	0.0	[]
PA14_45000	gcl	PA1502		0.4886422777964352	4.3521e-319	['KEGG-Pathway-pae00630: Glyoxylate and dicarboxylate metabolism']
PA14_06650	nirN	PA0509	most stable	0.6935414196513577	0.0	[]
PA14_40290	lasA	PA1871	most stable	0.715142162105348	0.0	[]
PA14_13030	cioA	PA3930	most stable	0.6427804880307564	0.0	['KEGG-Pathway-pae00190: Oxidative phosphorylation']
PA14_55160	toxR	PA0707		0.42472338894314215	3.03156608755687e-233	[]
PA14_38590	bdhA	PA2003	most stable	0.6896113709453915	0.0	['KEGG-Pathway-pae00072: Synthesis and degradation of ketone bodies', 'KEGG-Pathway-pae00650: Butanoate metabolism']
PA14_62680		PA4738	most stable	0.5913800017320395	0.0	[]
PA14_20460		PA3371	most stable	0.7247238643598538	0.0	[]
PA14_64290		PA4860	most stable	0.6218309927592294	0.0	['KEGG-Module-M00323: Urea transport system']
PA14_42470	pcrV	PA1706		0.4639894554125656	8.597230192218098e-284	[]
PA14_53300		PA0848		0.35916123440652364	1.4284754140896804e-162	[]
PA14_35150		PA2275	most stable	0.5488248899936777	0.0	[]
PA14_31350		PA2566	most stable	0.7846546120775156	0.0	['KEGG-Pathway-pae00920: Sulfur metabolism']
PA14_02760		PA0226	most stable	0.6182592874719915	0.0	['KEGG-Pathway-pae00643: Styrene degradation', 'KEGG-Pathway-pae00650: Butanoate metabolism']
PA14_40230		PA1877	most stable	0.7752738850060814	0.0	[]
PA14_09900	prpL	PA4175	most stable	0.7715589875906937	0.0	[]
PA14_39520		PA1933		0.36188800185762776	3.3742820871366417e-165	['KEGG-Pathway-pae00230: Purine metabolism']
PA14_64410		PA4870		0.4051594370973658	1.8756293229815444e-210	[]
PA14_70270	algC	PA5322	most stable	0.5946262718087558	0.0	['KEGG-Pathway-pae00051: Fructose and mannose metabolism', 'KEGG-Pathway-pae00052: Galactose metabolism', 'KEGG-Pathway-pae00521: Streptomycin biosynthesis', 'KEGG-Pathway-pae00500: Starch and sucrose metabolism', 'KEGG-Pathway-pae00230: Purine metabolism', 'KEGG-Pathway-pae00030: Pentose phosphate pathway', 'KEGG-Pathway-pae00520: Amino sugar and nucleotide sugar metabolism', 'KEGG-Pathway-pae00010: Glycolysis / Gluconeogenesis']
PA14_38660		PA1999	most stable	0.6031609017214566	0.0	['KEGG-Pathway-pae00072: Synthesis and degradation of ketone bodies', 'KEGG-Pathway-pae00280: Valine, leucine and isoleucine degradation', 'KEGG-Pathway-pae00650: Butanoate metabolism']
PA14_33720	pvdN	PA2394		0.4802289567358753	1.0256932032994324e-306	[]
PA14_13610		PA3888	most stable	0.5108619047111841	0.0	[]
PA14_49720		PA1134	most stable	0.660255888178396	0.0	[]
PA14_01680		PA0137	most stable	0.5348232260573614	0.0	[]
PA14_52060		PA0943		0.4316053852830943	1.2518040472850818e-241	[]
PA14_58040		PA4471	most stable	0.7338939830388427	0.0	[]
PA14_32490		PA2485		0.3630284747193277	2.6418899610521876e-166	[]
PA14_61140		PA4620		0.4874671940243024	2.4412386e-317	[]
PA14_21120		PA3318	least stable	0.060195715350734036	1.0574500231664507e-05	[]	['PA14_27675', 'PA14_27690', 'PA14_27680', 'PA14_27650', 'PA14_27660', 'PA14_27630', 'PA14_27640', 'PA14_27700']
PA14_37270		PA2112		0.2151868484330504	4.6193347093783366e-57	[]
PA14_44850	alc	PA1515	most stable	0.5747581135728774	0.0	['KEGG-Pathway-pae00230: Purine metabolism']
PA14_61010		PA4611	most stable	0.6066744383635948	0.0	[]
PA14_13730	narL	PA3879		0.4454783824440601	3.9251992383472434e-259	[]
PA14_72560	np20	PA5499	most stable	0.5076671703075466	0.0	[]
PA14_33520		PA2411	most stable	0.7123049731758879	0.0	[]
PA14_61200		PA4625		0.34873723537634915	9.142699210800528e-153	[]
PA14_62690		PA4739	most stable	0.5258000954123857	0.0	[]
PA14_08070		PA0622	most stable	0.6163094056192798	0.0	[]
PA14_17700	rpmE2	PA3601		0.4143638039134702	5.488435669838458e-221	['KEGG-Pathway-pae03010: Ribosome', 'KEGG-Module-M00178: Ribosome, bacteria']
PA14_16250	lasB	PA3724	most stable	0.7680192391348157	0.0	[]
PA14_07020		PA0540		0.3427395618123712	2.733319457831024e-147	[]
PA14_42250	pscL	PA1725	most stable	0.6034187932361497	0.0	['KEGG-Pathway-pae03070: Bacterial secretion system', 'KEGG-Module-M00332: Type III secretion system']
PA14_37510		PA2088	most stable	0.7540312359909892	0.0	[]
PA14_22480		PA3224		0.498002053901659	0.0	[]
PA14_13040	cioB	PA3929	most stable	0.6691634950449666	0.0	['KEGG-Pathway-pae00190: Oxidative phosphorylation']
PA14_19570		PA3443	most stable	0.6365650875641101	0.0	['KEGG-Pathway-pae00920: Sulfur metabolism', 'KEGG-Module-M00436: Sulfonate transport system']
PA14_66840	phaC2	PA5058	most stable	0.8231456096146829	0.0	['KEGG-Pathway-pae00650: Butanoate metabolism']
PA14_33610		PA2402	most stable	0.6902185954496324	0.0	[]
PA14_61250	lysP	PA4628	most stable	0.8369982116956449	0.0	[]
PA14_09300		PA4223	most stable	0.7747707811494339	0.0	[]
PA14_38210		PA2034	most stable	0.6890343457056962	0.0	[]
PA14_58360	dppA2	PA4497		0.4496264278097965	1.5847936869628453e-264	[]
PA14_08280		PA0640	most stable	0.5194558153043329	0.0	[]
PA14_44880		PA1513		0.4492168992748508	5.443030575082883e-264	[]
PA14_33690	pvdE	PA2397		0.4871942442797745	6.2068563e-317	[]
PA14_17610	potD	PA3610	most stable	0.7242058550136417	0.0	['KEGG-Module-M00299: Spermidine/putrescine transport system']
PA14_72960		PA5530		0.30217176467629736	2.540886802123406e-113	[]
PA14_21580		PA3283	least stable	0.033162191011857835	0.015297770517014734	[]	No accessory genes
PA14_39270		PA1951	most stable	0.8050332353780485	0.0	[]
PA14_71890		PA5445	most stable	0.7523918396905782	0.0	['KEGG-Pathway-pae00020: Citrate cycle (TCA cycle)', 'KEGG-Pathway-pae00620: Pyruvate metabolism', 'KEGG-Pathway-pae00650: Butanoate metabolism', 'KEGG-Module-M00009: Citrate cycle (TCA cycle, Krebs cycle)', 'KEGG-Module-M00011: Citrate cycle, second carbon oxidation, 2-oxoglutarate => oxaloacetate']
PA14_63250		PA4785	least stable	-0.06161873335440717	6.500781325609598e-06	['KEGG-Pathway-pae00072: Synthesis and degradation of ketone bodies', 'KEGG-Pathway-pae00071: Fatty acid degradation', 'KEGG-Pathway-pae00380: Tryptophan metabolism', 'KEGG-Pathway-pae00900: Terpenoid backbone biosynthesis', 'KEGG-Pathway-pae00362: Benzoate degradation', 'KEGG-Pathway-pae00280: Valine, leucine and isoleucine degradation', 'KEGG-Pathway-pae00620: Pyruvate metabolism', 'KEGG-Pathway-pae00630: Glyoxylate and dicarboxylate metabolism', 'KEGG-Pathway-pae00310: Lysine degradation', 'KEGG-Pathway-pae00640: Propanoate metabolism', 'KEGG-Pathway-pae01212: Fatty acid metabolism', 'KEGG-Pathway-pae00650: Butanoate metabolism']	['PA14_21830']
PA14_63780		PA4824		0.32451697390192485	2.213872252962167e-131	[]
PA14_19870	ldh	PA3418	most stable	0.7978226873353962	0.0	['KEGG-Pathway-pae00280: Valine, leucine and isoleucine degradation', 'KEGG-Pathway-pae00290: Valine, leucine and isoleucine biosynthesis']
PA14_36450		PA2176	most stable	0.7257004739996071	0.0	[]
PA14_30580		PA2591	most stable	0.713823125318242	0.0	[]
PA14_09660		PA4198		0.4932481265347678	0.0	[]
PA14_09760		PA4185	least stable	0.12901849618511918	2.7313852311077524e-21	[]	['PA14_59390', 'PA14_13960']
PA14_54630		PA0746	most stable	0.7017895468523662	0.0	['KEGG-Pathway-pae00281: Geraniol degradation']
PA14_33650	pvdD	PA2399	most stable	0.6917543298868241	0.0	[]
PA14_64960	pncB1	PA4919	most stable	0.5274935963311117	0.0	['KEGG-Pathway-pae00760: Nicotinate and nicotinamide metabolism']
PA14_37550		PA2085	most stable	0.6195780278206225	0.0	[]
PA14_19360		PA3460	most stable	0.6779962466643612	0.0	[]
PA14_23460	orfN	PA3145	most stable	0.6984698055376676	0.0	[]
PA14_41980		PA1745	most stable	0.7353953356521806	0.0	[]
PA14_20320	phnD	PA3383	most stable	0.5850868345155922	0.0	['KEGG-Module-M00223: Phosphonate transport system']
PA14_58500		PA4507		0.4825673049518786	4.0458264042607e-310	[]
PA14_70580		PA5346	most stable	0.7226751294285211	0.0	[]
PA14_18120	mmsA	PA3570	most stable	0.7180148287232512	0.0	['KEGG-Pathway-pae00562: Inositol phosphate metabolism', 'KEGG-Pathway-pae00280: Valine, leucine and isoleucine degradation', 'KEGG-Pathway-pae00640: Propanoate metabolism', 'KEGG-Pathway-pae00410: beta-Alanine metabolism']
PA14_36605		PA2162	most stable	0.6544548517938376	0.0	['KEGG-Pathway-pae00500: Starch and sucrose metabolism']
PA14_41480	nasS	PA1786	most stable	0.7012230622436749	0.0	['KEGG-Pathway-pae00910: Nitrogen metabolism']
PA14_46100		PA1419		0.3362227036011665	1.780979822402248e-141	[]
PA14_15130		PA3784	most stable	0.6797087321682994	0.0	[]
PA14_30080		PA2632	most stable	0.600053161809707	0.0	[]
PA14_06720	nirF	PA0516	most stable	0.6362737613198333	0.0	[]
PA14_39130		PA1964	most stable	0.8029825414082234	0.0	[]
PA14_40410	modB	PA1862	most stable	0.5798174373058701	0.0	[]
PA14_13340		PA3909	most stable	0.6396164958965044	0.0	[]
PA14_64690		PA4895	most stable	0.6884215563810341	0.0	[]
PA14_21220		PA3309	most stable	0.5576519994178764	0.0	[]
PA14_60960		PA4607	most stable	0.7634900792186138	0.0	[]
PA14_48760		PA1202		0.4997143631677514	0.0	[]
PA14_06580		PA0505		0.4825289378104932	4.6033449435122e-310	[]
PA14_40250		PA1875	most stable	0.7657098691667592	0.0	[]
PA14_36375		PA2180	most stable	0.5672313950990502	0.0	[]
PA14_13420		PA3902		0.2517853583626237	4.0277120999279765e-78	[]
PA14_43380	kdpB	PA1634	most stable	0.5313183185165026	0.0	[]
PA14_17720		PA3599		0.4589799945351865	5.739863614408117e-277	[]
PA14_20050		PA3404	most stable	0.7341080872942615	0.0	['KEGG-Module-M00328: Hemophore/metalloprotease transport system']
PA14_33800		PA2387	least stable	0.08265281951213185	1.4186531524120436e-09	[]	['PA14_59680', 'PA14_36480', 'PA14_59690', 'PA14_59110']
PA14_39780		PA1914	most stable	0.7635585428351476	0.0	[]
PA14_61080		PA4616		0.3344192786048473	6.837101871137252e-140	[]
PA14_06170		PA0471	most stable	0.6375662900459647	0.0	[]
PA14_34790		PA2307	most stable	0.7051381445541274	0.0	['KEGG-Module-M00188: NitT/TauT family transport system']
PA14_03855		PA0295	most stable	0.6106131068676308	0.0	['KEGG-Module-M00193: Putative spermidine/putrescine transport system']
PA14_36680		PA2156	most stable	0.5318289876207629	0.0	[]
PA14_00990		PA0082	most stable	0.6535434250637946	0.0	['KEGG-Module-M00334: Type VI secretion system']
PA14_06430		PA0493		0.3765641843656923	8.767437504841703e-180	[]
PA14_21630		PA3278		0.3455225570778792	8.145476398144092e-150	[]
PA14_15700		PA3766	most stable	0.7929311041374693	0.0	[]
PA14_37320		PA2109	least stable	0.030881649654203588	0.023921580966239	[]	No accessory genes
PA14_40040		PA1893	most stable	0.5376066891509176	0.0	[]
PA14_12440		PA3973	most stable	0.689339425823791	0.0	[]
PA14_55920		PA4304	most stable	0.7744872339066176	0.0	[]
PA14_19580	ssuB	PA3442		0.4723289838111237	2.0764131774278873e-295	['KEGG-Pathway-pae00920: Sulfur metabolism', 'KEGG-Module-M00436: Sulfonate transport system']
PA14_11910		PA4015		0.4143191754244197	6.18480088839017e-221	[]
PA14_37980		PA2051	most stable	0.6040873920022144	0.0	[]
PA14_26090		PA2934		0.21064529673036766	1.0603274765174447e-54	[]
PA14_33810	pvdA	PA2386	most stable	0.6428747875105947	0.0	[]
PA14_66350		PA5020		0.455239094120449	6.044242747703086e-272	['KEGG-Pathway-pae00071: Fatty acid degradation', 'KEGG-Pathway-pae00280: Valine, leucine and isoleucine degradation', 'KEGG-Pathway-pae01212: Fatty acid metabolism', 'KEGG-Pathway-pae00650: Butanoate metabolism']
PA14_21600		PA3281	least stable	-0.047292068035459066	0.0005409840452905411	[]	No accessory genes
PA14_26300		PA2919	most stable	0.7211966351939808	0.0	[]
PA14_26050		PA2938	most stable	0.7618498933464946	0.0	[]
PA14_24445	gdhB	PA3068	most stable	0.6923675051715615	0.0	['KEGG-Pathway-pae00330: Arginine and proline metabolism', 'KEGG-Pathway-pae00430: Taurine and hypotaurine metabolism', 'KEGG-Pathway-pae00250: Alanine, aspartate and glutamate metabolism', 'KEGG-Pathway-pae00910: Nitrogen metabolism']
PA14_72260		PA5475	most stable	0.6310912442437959	0.0	[]
PA14_52500		PA0909	most stable	0.5598648753928943	0.0	[]
PA14_39990		PA1897		0.3571864335803969	1.0994158082853982e-160	[]
PA14_28530		PA2751	most stable	0.6452571830940936	0.0	[]
PA14_33450	treA	PA2416		0.4980564151244901	0.0	['KEGG-Pathway-pae00500: Starch and sucrose metabolism']
PA14_54640		PA0745	most stable	0.6768211522837068	0.0	[]
PA14_71590		PA5424	most stable	0.5641386408298154	0.0	[]
PA14_63940		PA4836		0.4691021476386475	7.09003282298859e-291	[]
PA14_72370		PA5482	most stable	0.5001724528822222	0.0	[]
PA14_48170		PA1242	most stable	0.6341408296312679	0.0	[]
PA14_26340		PA2916		0.4456395067768321	2.430753078658268e-259	[]
PA14_33580		PA2405	most stable	0.5653631233697001	0.0	[]
PA14_20470		PA3370	most stable	0.7213205937783922	0.0	[]
PA14_06810	norC	PA0523		0.4512592539071688	1.1378979563347417e-266	['KEGG-Pathway-pae00910: Nitrogen metabolism', 'KEGG-Module-M00529: Denitrification, nitrate => nitrogen']
PA14_13720		PA3880	least stable	0.1992940341216657	4.8785978171785906e-49	[]	No accessory genes
PA14_71230		PA5395	most stable	0.808243131137067	0.0	[]
PA14_63230		PA4783		0.4976392106293497	0.0	[]
PA14_06800		PA0522		0.4812852287240492	2.99672461271457e-308	[]
PA14_28060	cpg2	PA2787	most stable	0.8124680108613916	0.0	[]
PA14_32280		PA2504	most stable	0.7701589287551452	0.0	[]
PA14_39640	cobN	PA1923	most stable	0.6344819566407729	0.0	['KEGG-Pathway-pae00860: Porphyrin and chlorophyll metabolism']
PA14_12620		PA3962		0.4906795571446036	3.9e-322	[]
PA14_41960		PA1747	most stable	0.5000616350211765	0.0	[]
PA14_65940		PA4986	most stable	0.6163703353703277	0.0	[]
PA14_65920		PA4985		0.4499374756227087	6.201198052735645e-265	['KEGG-Module-M00193: Putative spermidine/putrescine transport system']
PA14_64460		PA4874	most stable	0.5230063379866908	0.0	[]
PA14_09480	phzA1	PA4210		0.3502819306296813	3.398271496075144e-154	[]
PA14_10220		PA4154	most stable	0.6396302564890207	0.0	[]
PA14_40380		PA1864	most stable	0.519238990406811	0.0	[]
PA14_27830		PA2808		0.27574571475553	6.205012786738421e-94	[]
PA14_15120		PA3785	most stable	0.6303416232203282	0.0	[]
PA14_55860		PA4300	most stable	0.7364023767256489	0.0	[]
PA14_43850	htpG	PA1596		0.4581678482641887	7.15495633229163e-276	[]
PA14_32540		PA2481		0.2783321882994989	9.699568845525923e-96	[]
PA14_04100		PA0315		0.4560906409933144	4.40135103851987e-273	[]
PA14_55930		PA4305	most stable	0.7892096998363392	0.0	[]
PA14_68940		PA5220	most stable	0.5102876516585529	0.0	[]
PA14_01300	coxA	PA0106	most stable	0.7499918569521695	0.0	['KEGG-Pathway-pae00190: Oxidative phosphorylation']
PA14_63960		PA4837		0.4620392115032361	4.025321573312513e-281	[]
PA14_05880		PA0451	most stable	0.7833518119165738	0.0	[]
PA14_09230	pchC	PA4229		0.480496453420956	4.197144851343227e-307	[]
PA14_11320		PA4063		0.3846126389729865	4.140688808071979e-188	[]
PA14_33760		PA2390	most stable	0.671469352187002	0.0	[]
PA14_36700		PA2154	most stable	0.6983198848620183	0.0	[]
PA14_06920		PA0530	most stable	0.5359032039658872	0.0	['KEGG-Pathway-pae01210: 2-Oxocarboxylic acid metabolism', 'KEGG-Pathway-pae00330: Arginine and proline metabolism', 'KEGG-Pathway-pae00300: Lysine biosynthesis', 'KEGG-Module-M00028: Ornithine biosynthesis, glutamate => ornithine', 'KEGG-Module-M00016: Lysine biosynthesis, succinyl-DAP pathway, aspartate => lysine']
PA14_21610	oprO	PA3280	most stable	0.6268828301083234	0.0	[]
PA14_48160		PA1243	most stable	0.58277952970986	0.0	[]
PA14_43780		PA1602	most stable	0.5773227305319298	0.0	['KEGG-Pathway-pae00760: Nicotinate and nicotinamide metabolism']
PA14_69130	glpT	PA5235	most stable	0.7866652660809791	0.0	[]
PA14_01290	coxB	PA0105	most stable	0.7859213893712879	0.0	['KEGG-Pathway-pae00190: Oxidative phosphorylation']
PA14_13490		PA3897		0.2937390084965029	6.595952730706625e-107	[]
PA14_01340		PA0110	most stable	0.8096957923982828	0.0	[]
PA14_06450		PA0494		0.4685821687435294	3.772346968953793e-290	['KEGG-Pathway-pae00620: Pyruvate metabolism', 'KEGG-Pathway-pae00640: Propanoate metabolism', 'KEGG-Pathway-pae01212: Fatty acid metabolism', 'KEGG-Pathway-pae00061: Fatty acid biosynthesis', 'KEGG-Module-M00082: Fatty acid biosynthesis, initiation']
PA14_69090		PA5232	most stable	0.6262241755237832	0.0	[]
PA14_42620	pscR	PA1693	most stable	0.5712297435715811	0.0	['KEGG-Pathway-pae03070: Bacterial secretion system', 'KEGG-Module-M00332: Type III secretion system']
PA14_42360	pscB	PA1715		0.43686984191670897	3.558645696004874e-248	[]
PA14_68900		PA5217	most stable	0.5059636456102281	0.0	['KEGG-Module-M00190: Iron(III) transport system']
PA14_07980		PA0613		0.35386452995877665	1.527481809273895e-157	[]
PA14_20480		PA3369	most stable	0.5294841927728344	0.0	[]
PA14_09540	mexG	PA4205	most stable	0.6605107679783843	0.0	[]
PA14_52890		PA0880	most stable	0.5185414095691869	0.0	[]
PA14_19680		PA3432	least stable	0.09547905986251368	2.6198240367507274e-12	[]	No accessory genes
PA14_32330		PA2500	most stable	0.6321473800499917	0.0	[]
PA14_33560		PA2407		0.4040508017008532	3.308529497859139e-209	['KEGG-Module-M00242: Zinc transport system']
PA14_11130		PA4079	least stable	-0.10208091101221634	7.265142114127084e-14	[]	No accessory genes
PA14_38480	gnyA	PA2012	most stable	0.709282101439244	0.0	['KEGG-Pathway-pae00280: Valine, leucine and isoleucine degradation', 'KEGG-Module-M00036: Leucine degradation, leucine => acetoacetate + acetyl-CoA']
PA14_00640	phzH	PA0051	most stable	0.6500927767745306	0.0	['KEGG-Pathway-pae00250: Alanine, aspartate and glutamate metabolism']
PA14_36690		PA2155	most stable	0.6042070097913642	0.0	['KEGG-Pathway-pae00564: Glycerophospholipid metabolism']
PA14_39150		PA1962		0.3749611785228941	3.7424047136482486e-178	[]
PA14_39970	phzA2	PA1899	most stable	0.5687332769564041	0.0	[]
PA14_60480		PA4570	most stable	0.7001369947117175	0.0	[]
PA14_34540		PA2326	most stable	0.6243134701047987	0.0	[]
PA14_68290		PA5169	most stable	0.6450075134098601	0.0	[]
PA14_39710		PA1919	most stable	0.5120838450407743	0.0	[]
PA14_08310		PA0646	most stable	0.5549633001904034	0.0	[]
PA14_72700		PA5509	most stable	0.5563786836242092	0.0	[]
PA14_37260		PA2113		0.2883540122224978	6.351875945405217e-103	[]
PA14_44520		PA1541	most stable	0.5293583262450631	0.0	[]
PA14_48040	aprI	PA1250	most stable	0.7507270428527341	0.0	[]
PA14_36670		PA2157	most stable	0.5460995051344095	0.0	[]
PA14_31540		PA2552	most stable	0.7420071064978417	0.0	['KEGG-Pathway-pae00281: Geraniol degradation']
PA14_46150		PA1415	most stable	0.6133168246221349	0.0	[]
PA14_26750		PA2886		0.22894088002125065	1.508096442202743e-64	[]
PA14_39080		PA1968		0.334476044728939	6.097731267865058e-140	[]
PA14_06980		PA0536		0.23583697271165005	1.7076733065012967e-68	[]
PA14_13740	narX	PA3878		0.3146539995404254	3.232241320640657e-123	[]
PA14_70680	glcE	PA5354	most stable	0.6695032927512863	0.0	['KEGG-Pathway-pae00630: Glyoxylate and dicarboxylate metabolism']
PA14_57080		PA4392		0.26053724550594604	1.0460385198503665e-83	[]
PA14_61530		PA4651	most stable	0.7468503426670035	0.0	[]
PA14_03490		PA0269	most stable	0.6892617707541262	0.0	[]
PA14_18100		PA3572		0.3831225093554732	1.5008409752703072e-186	[]
PA14_13330		PA3910	most stable	0.6433387533966145	0.0	['KEGG-Pathway-pae00627: Aminobenzoate degradation', 'KEGG-Pathway-pae00790: Folate biosynthesis', 'KEGG-Module-M00126: Tetrahydrofolate biosynthesis, GTP => THF']
PA14_47520		PA1290	most stable	0.5319919493490854	0.0	[]
PA14_48610		PA1214		0.4415717992752806	4.033160151680791e-254	[]
PA14_38190		PA2036	most stable	0.8367313458966463	0.0	[]
PA14_44690		PA1526		0.4848357566465629	1.90258430367e-313	[]
PA14_39960	phzB2	PA1900	most stable	0.6365551757963037	0.0	[]
PA14_06700	nirL	PA0514	most stable	0.5884477422419623	0.0	[]
PA14_43740		PA1605		0.499600664201572	0.0	[]
PA14_20200	nosZ	PA3392	most stable	0.6665100073878111	0.0	['KEGG-Pathway-pae00910: Nitrogen metabolism', 'KEGG-Module-M00529: Denitrification, nitrate => nitrogen']
PA14_44640		PA1531	least stable	-0.04477723288535287	0.0010549851567628814	[]	No accessory genes
PA14_50760		PA1052		0.42761130155268695	9.708243447899594e-237	['KEGG-Pathway-pae00260: Glycine, serine and threonine metabolism', 'KEGG-Pathway-pae00561: Glycerolipid metabolism', 'KEGG-Pathway-pae00630: Glyoxylate and dicarboxylate metabolism']
PA14_06400		PA0491	most stable	0.7125812916817301	0.0	[]
PA14_50500		PA1076	most stable	0.5539590625904032	0.0	[]
PA14_38820	pqqB	PA1986	most stable	0.5587552511416325	0.0	[]
PA14_40260		PA1874	most stable	0.7956665118603674	0.0	[]
PA14_71900		PA5446	most stable	0.541969514928359	0.0	[]
PA14_08270		PA0639		0.4574089536223936	7.512535032495561e-275	[]
PA14_42640	pscT	PA1691		0.4369468801230379	2.8485583071633835e-248	['KEGG-Pathway-pae03070: Bacterial secretion system', 'KEGG-Module-M00332: Type III secretion system']
PA14_53370	plcR	PA0843	most stable	0.5487826105630885	0.0	[]
PA14_20300	phnC	PA3384		0.4359645242320904	4.8451715997993504e-247	['KEGG-Module-M00223: Phosphonate transport system']
PA14_36930		PA2136		0.4605996493692872	3.671638016977176e-279	[]
PA14_00720		PA0060	most stable	0.5427652306093551	0.0	[]
PA14_34880		PA2299		0.4111533768192522	2.8264566454441686e-217	[]
PA14_62330		PA4709	most stable	0.6034943875540535	0.0	[]
PA14_64050		PA4843		0.4085293283161593	2.850993525292602e-214	[]
PA14_02740		PA0224	least stable	0.02602971748174449	0.05698428931790545	[]	No accessory genes
PA14_08160		PA0629		0.40568326135489824	4.814331457751714e-211	[]
PA14_68260		PA5167	most stable	0.6635935622024544	0.0	[]
PA14_28410		PA2759	most stable	0.5707423266697095	0.0	[]
PA14_37210		PA2116		0.36452584349977596	9.174375181880639e-168	[]
PA14_05220		PA0399	most stable	0.5525572194050751	0.0	['KEGG-Pathway-pae00260: Glycine, serine and threonine metabolism', 'KEGG-Pathway-pae00270: Cysteine and methionine metabolism']
PA14_09210	pchA	PA4231	most stable	0.6784297772548086	0.0	['KEGG-Pathway-pae01053: Biosynthesis of siderophore group nonribosomal peptides', 'KEGG-Pathway-pae00130: Ubiquinone and other terpenoid-quinone biosynthesis']
PA14_09370		PA4219	most stable	0.7061412807369198	0.0	[]
PA14_52900		PA0879		0.448053906414622	1.7931522449667594e-262	['KEGG-Pathway-pae00071: Fatty acid degradation', 'KEGG-Pathway-pae00280: Valine, leucine and isoleucine degradation', 'KEGG-Pathway-pae00640: Propanoate metabolism', 'KEGG-Pathway-pae00410: beta-Alanine metabolism', 'KEGG-Pathway-pae01212: Fatty acid metabolism', 'KEGG-Module-M00087: beta-Oxidation', 'KEGG-Module-M00036: Leucine degradation, leucine => acetoacetate + acetyl-CoA']
PA14_51460	cupC2	PA0993	most stable	0.6806944920822486	0.0	[]
PA14_47400		PA1300	most stable	0.670907512468234	0.0	[]
PA14_26020		PA2939	most stable	0.7859778260394854	0.0	[]
PA14_52130		PA0938	most stable	0.5884246672470177	0.0	[]
PA14_43200		PA1647		0.4754861118686696	6.831582442571723e-300	[]
PA14_39690		PA1920		0.3993877250510394	5.138367374794996e-204	['KEGG-Pathway-pae00230: Purine metabolism', 'KEGG-Pathway-pae00240: Pyrimidine metabolism', 'KEGG-Module-M00053: Pyrimidine deoxyribonuleotide biosynthesis, CDP/CTP => dCDP/dCTP,dTDP/dTTP']
PA14_49580		PA1146	most stable	0.7973268892257674	0.0	['KEGG-Pathway-pae00363: Bisphenol degradation', 'KEGG-Pathway-pae00051: Fructose and mannose metabolism', 'KEGG-Pathway-pae00625: Chloroalkane and chloroalkene degradation', 'KEGG-Pathway-pae00650: Butanoate metabolism']
PA14_66880		PA5061	most stable	0.5949441025507252	0.0	[]
PA14_53400		PA0840	most stable	0.5532694161902283	0.0	[]
PA14_24550	pelF	PA3059	most stable	0.7381429837311326	0.0	[]
PA14_70860		PA5369		0.4991898883140364	0.0	['KEGG-Module-M00222: Phosphate transport system']
PA14_10240		PA4152	most stable	0.5062368764365831	0.0	['KEGG-Pathway-pae00020: Citrate cycle (TCA cycle)', 'KEGG-Pathway-pae00620: Pyruvate metabolism', 'KEGG-Pathway-pae00010: Glycolysis / Gluconeogenesis', 'KEGG-Module-M00307: Pyruvate oxidation, pyruvate => acetyl-CoA']
PA14_48830		PA1196		0.3707943376649296	5.860117307269797e-174	[]
PA14_00480		PA0039	least stable	0.14729334343482006	2.5320726543256648e-27	[]	No accessory genes
PA14_17710	rpmJ	PA3600	most stable	0.5420025467940971	0.0	['KEGG-Pathway-pae03010: Ribosome', 'KEGG-Module-M00178: Ribosome, bacteria']
PA14_36730		PA2152	most stable	0.6422717650522927	0.0	['KEGG-Pathway-pae00500: Starch and sucrose metabolism']
PA14_43400	kdpA	PA1633	most stable	0.5335003963524347	0.0	[]
PA14_22980		PA3190	most stable	0.5565677900655704	0.0	[]
PA14_18150		PA3568	most stable	0.7507041722515733	0.0	['KEGG-Pathway-pae00640: Propanoate metabolism']
PA14_51850		PA0960	most stable	0.6603137559592653	0.0	[]
PA14_34630	gnuT	PA2322		0.2211757202569081	2.9333443695791996e-60	[]
PA14_29710		PA2659	least stable	0.12500760364126434	4.487168256531832e-20	[]	No accessory genes
PA14_30830		PA2572	most stable	0.8034419169264113	0.0	[]
PA14_27370		PA2840	most stable	0.7392123085323312	0.0	['KEGG-Pathway-pae03018: RNA degradation']
PA14_39390		PA1944		0.4473270357679269	1.582086426601112e-261	[]
PA14_38610		PA2002		0.3802916971401189	1.306629722460836e-183	[]
PA14_73000		PA5534		0.4359251454002485	5.4269740045157817e-247	[]
PA14_17980	glpF	PA3581		0.3977009361357311	3.7000097543669267e-202	[]
PA14_00560	exoT	PA0044		0.3726275611340528	8.511866529985138e-176	[]
PA14_21790	rdgC	PA3263	most stable	0.7920490298737092	0.0	[]
